,filename,isotope,energy,counts,unc_counts,intensity,unc_intensity,efficiency,unc_efficiency,decays,unc_decays,decay_rate,unc_decay_rate,chi2,start_time,live_time,real_time
0,../../2017_Feb_Zr/30MeV/AY130217_Ni02_18cm_30MeV.Spe,55CO,91.9,721.9928047570834,89.18849298868834,0.0116,0.0009,0.0058240403383222,0.0042997857658308,11221212.97002356,8454908.86762446,35622.89831753511,26840.98053214114,2.141863572586162,02/13/2017 20:10:42,300.0,315.0
1,../../2017_Feb_Zr/30MeV/AY130217_Ni02_18cm_30MeV.Spe,57CO,122.06065,1165.3503898187755,126.2206208179495,0.856,0.0017,0.0058459694522428,0.0022573473499182,244520.63701407268,98325.11182377858,776.2559905208657,312.1432121389796,2.74439960471962,02/13/2017 20:10:42,300.0,315.0
2,../../2017_Feb_Zr/30MeV/AY130217_Ni02_18cm_30MeV.Spe,57NI,127.164,2295.166708683262,135.7705280063059,0.167,0.005,0.0058345507120669,0.0023546285044325,2473316.215605997,1012844.106260098,7851.797509860309,3215.378115111422,2.74439960471962,02/13/2017 20:10:42,300.0,315.0
3,../../2017_Feb_Zr/30MeV/AY130217_Ni02_18cm_30MeV.Spe,61CU,282.956,8349.41455923807,108.9316151617842,0.122,0.0061,0.0035381767892975,0.0002638743444098,20309814.84198812,1856103.5290574464,64475.60267297816,5892.392155737926,1.078574234264288,02/13/2017 20:10:42,300.0,315.0
4,../../2017_Feb_Zr/30MeV/AY130217_Ni02_18cm_30MeV.Spe,61CU,373.05,1139.02462839778,75.01368432341256,0.021,0.004,0.0027853497495093,0.0001620321175637,20446707.43051968,4331637.4008374605,64910.182319110085,13751.229843928446,1.9114344296511403,02/13/2017 20:10:42,300.0,315.0
5,../../2017_Feb_Zr/30MeV/AY130217_Ni02_18cm_30MeV.Spe,55CO,411.5,270.8642823422783,34.0830842734776,0.0107,0.0008,0.0025679281179112,0.000140457561981,10350811.485189917,1735329.5963021286,32859.719000602905,5508.982845403583,0.8572430955411103,02/13/2017 20:10:42,300.0,315.0
6,../../2017_Feb_Zr/30MeV/AY130217_Ni02_18cm_30MeV.Spe,55CO,477.2,5537.243258419324,95.25361971208338,0.2019999999999999,0.017,0.0022793038435983,0.000113858862442,12627846.957080375,1266220.6293049112,40088.40303835041,4019.7480295394007,1.6300085884256876,02/13/2017 20:10:42,300.0,315.0
7,../../2017_Feb_Zr/30MeV/AY130217_Ni02_18cm_30MeV.Spe,55CO,520.0,220.8047229039136,251.36723828925548,0.0083,0.0008,0.0021305366769541,0.0001007754773075,13110840.990643036,15017742.151679715,41621.717430612814,47675.37191009434,78.96380841142883,02/13/2017 20:10:42,300.0,315.0
8,../../2017_Feb_Zr/30MeV/AY130217_Ni02_18cm_30MeV.Spe,61CU,529.169,85.15665997859007,207.22014367812687,0.0038,0.0007,0.0021017222000067,9.831322432240082e-05,11195642.188511243,27353353.09269945,35541.72123336903,86836.04156412522,78.96380841142883,02/13/2017 20:10:42,300.0,315.0
9,../../2017_Feb_Zr/30MeV/AY130217_Ni02_18cm_30MeV.Spe,61CU,588.605,438.6670683546695,38.003337957492576,0.0117,0.0021,0.001935663815138,8.494117402677027e-05,20338013.816535227,4262564.371981972,64565.12322709596,13531.950387244357,1.5523296886617794,02/13/2017 20:10:42,300.0,315.0
10,../../2017_Feb_Zr/30MeV/AY130217_Ni02_18cm_30MeV.Spe,61CU,656.008,3278.9773067928795,64.61405247088571,0.108,0.02,0.0017810527612956,7.469479226915805e-05,17898934.11976931,3431075.700991719,56822.01307863273,10892.303812672124,1.2521733364605714,02/13/2017 20:10:42,300.0,315.0
11,../../2017_Feb_Zr/30MeV/AY130217_Ni02_18cm_30MeV.Spe,52MN,744.233,78.80338631426919,20.73893690868936,0.9,0.012,0.0016171047893994,6.800265839967222e-05,56853.01573280122,16467.37409952827,180.48576423111496,52.27737809374055,1.2147742081316426,02/13/2017 20:10:42,300.0,315.0
12,../../2017_Feb_Zr/30MeV/AY130217_Ni02_18cm_30MeV.Spe,55CO,803.7,291.72758502097304,24.61794915183277,0.0187,0.0015,0.0015248213545577,6.677476077256277e-05,10742521.311062075,1476890.7980887473,34103.24225733992,4688.542216154753,1.0185803457518132,02/13/2017 20:10:42,300.0,315.0
13,../../2017_Feb_Zr/30MeV/AY130217_Ni02_18cm_30MeV.Spe,58CO,810.7593,1491.730234813052,40.9660213072516,0.9945,0.049725,0.0015146549374591,6.675485173817049e-05,1039827.0212095756,79646.45151686428,3301.0381625700807,252.8458778313152,1.0185803457518132,02/13/2017 20:10:42,300.0,315.0
14,../../2017_Feb_Zr/30MeV/AY130217_Ni02_18cm_30MeV.Spe,61CU,816.692,82.58758396627108,17.742724606765183,0.0031,0.0006,0.0015062290451503,6.675439930769306e-05,18571686.6993938,5804586.137478079,58957.73555363112,18427.25757929549,1.0185803457518132,02/13/2017 20:10:42,300.0,315.0
15,../../2017_Feb_Zr/30MeV/AY130217_Ni02_18cm_30MeV.Spe,56CO,846.77,94.38591005403984,32.802022599303015,0.999399,0.04996995,0.0014650875388666,6.694386567085867e-05,67685.24130675555,24957.446770360355,214.8737819262081,79.22998974717574,3.52653315865484,02/13/2017 20:10:42,300.0,315.0
16,../../2017_Feb_Zr/30MeV/AY130217_Ni02_18cm_30MeV.Spe,61CU,908.631,305.50847834617684,22.749898406583743,0.011,0.002,0.0013878343011699,6.789939543588954e-05,21012719.536086287,4421160.519557866,66707.04614630567,14035.430220818624,1.0132602079307462,02/13/2017 20:10:42,300.0,315.0
17,../../2017_Feb_Zr/30MeV/AY130217_Ni02_18cm_30MeV.Spe,55CO,931.1,11272.206051804687,189.292534835978,0.75,0.0375,0.0013616828698326,6.820287485253279e-05,11589400.749725448,850020.7924827831,36791.74841182682,2698.4787062945493,3.5019842119618083,02/13/2017 20:10:42,300.0,315.0
18,../../2017_Feb_Zr/30MeV/AY130217_Ni02_18cm_30MeV.Spe,52MN,935.544,137.5460853244528,43.22294518276031,0.945,0.013,0.0013566092419398,6.824976905602037e-05,112655.12497563506,37148.77412088504,357.6353173829684,117.93261625677788,3.5019842119618083,02/13/2017 20:10:42,300.0,315.0
19,../../2017_Feb_Zr/30MeV/AY130217_Ni02_18cm_30MeV.Spe,55CO,984.6,76.72723987364523,11.873454103666406,0.0052,0.001,0.0013026806523494,6.840225952892262e-05,11893168.391776817,3294210.62912325,37756.09013262481,10457.811521026191,0.6966638466222345,02/13/2017 20:10:42,300.0,315.0
20,../../2017_Feb_Zr/30MeV/AY130217_Ni02_18cm_30MeV.Spe,65NI,1115.53,136.56689604918606,18.338491006178277,0.1543,0.0013,0.0011784876249633,6.536060967976503e-05,788576.4174182919,133129.49074956664,2503.417198153308,422.6333039668782,0.8967509561165713,02/13/2017 20:10:42,300.0,315.0
21,../../2017_Feb_Zr/30MeV/AY130217_Ni02_18cm_30MeV.Spe,61CU,1185.234,818.4498018452432,37.66048361448977,0.037,0.0069999999999999,0.0011231750882745,6.22422385955596e-05,20679125.10074728,4248172.140431293,65648.01619284849,13486.260763273947,1.5595456287510332,02/13/2017 20:10:42,300.0,315.0
22,../../2017_Feb_Zr/30MeV/AY130217_Ni02_18cm_30MeV.Spe,55CO,1316.6,782.7098242611505,25.069951569825047,0.071,0.003,0.0010323076184068,6.577991716513561e-05,11213020.157017903,1012236.3854941193,35596.889387358424,3213.4488428384734,0.8465433847807015,02/13/2017 20:10:42,300.0,315.0
23,../../2017_Feb_Zr/30MeV/AY130217_Ni02_18cm_30MeV.Spe,60CU,1332.5,103.9280864040302,11.2810958263717,0.88,0.044,0.0010223261944602,6.868598404561165e-05,121297.00262760834,20447.98147814069,385.069849611455,64.91422691473234,0.8465433847807015,02/13/2017 20:10:42,300.0,315.0
24,../../2017_Feb_Zr/30MeV/AY130217_Ni02_18cm_30MeV.Spe,55CO,1370.0,1737.9812551534133,56.70992569739562,0.0289999999999999,0.003,0.0009995542956472,7.871802407977534e-05,62954966.81691536,8572904.575834734,199857.03751401705,27215.57008201503,2.013369209052829,02/13/2017 20:10:42,300.0,315.0
25,../../2017_Feb_Zr/30MeV/AY130217_Ni02_18cm_30MeV.Spe,57NI,1377.63,1889.7611210737268,58.86320156653498,0.8170000000000001,0.024,0.0009950498099014,8.132486761340948e-05,2440783.907523124,232093.1815617267,7748.520341343251,736.8037509896086,2.013369209052829,02/13/2017 20:10:42,300.0,315.0
26,../../2017_Feb_Zr/30MeV/AY130217_Ni02_18cm_30MeV.Spe,55CO,1408.5,1731.3531513376695,44.759279469289126,0.1689999999999999,0.008,0.0009772701639312,9.380030339231284e-05,11007117.847605716,1240403.6790030843,34943.23126224037,3937.789457152649,1.3030233756317666,02/13/2017 20:10:42,300.0,315.0
27,../../2017_Feb_Zr/30MeV/AY130217_Ni02_18cm_30MeV.Spe,52MN,1434.092,70.5578415729496,21.00870501580211,1.0,0.0139999999999999,0.0009630492687371,0.0001064288261409,76928.29023040929,26114.60153707623,244.2167943822517,82.90349694309914,3.630558593335596,02/13/2017 20:10:42,300.0,315.0
28,../../2017_Feb_Zr/30MeV/AY130217_Ni02_18cm_30MeV.Spe,65NI,1481.84,190.73464088180077,27.100631705335505,0.2359,0.011795,0.0009376933503794,0.0001352475208826,905378.3349721353,199870.7702109385,2874.2169364194765,634.510381622027,1.5906344570499689,02/13/2017 20:10:42,300.0,315.0
29,../../2017_Feb_Zr/30MeV/AY130217_Ni02_18cm_30MeV.Spe,57NI,1757.55,107.12339616038236,8.831127302330012,0.0575,0.002,0.0008157337928622,0.0004225736184031,2398045.026189385,1281765.459481405,7612.841352982176,4069.096696766366,0.7433616814174776,02/13/2017 20:10:42,300.0,315.0
30,../../2017_Feb_Zr/30MeV/AY130217_Ni02_18cm_30MeV.Spe,60CU,1791.6,56.82934238489658,9.863790193381972,0.454,0.023,0.0008030296312384,0.0004716497430653,163672.04396648347,102899.47514939064,519.5937903697888,326.66500047425603,0.9855346838669584,02/13/2017 20:10:42,300.0,315.0
31,../../2017_Feb_Zr/30MeV/AY130217_Ni02_18cm_30MeV.Spe,57NI,1919.52,255.39680833533257,18.543153576851704,0.123,0.004,0.0007589539801825,0.0006806359443507,2872659.8890707954,2592579.969436598,9119.55520339935,8230.412601386026,1.150257897395062,02/13/2017 20:10:42,300.0,315.0
32,../../2017_Feb_Zr/30MeV/AY130217_Ni02_18cm_30MeV.Spe,55CO,2177.6,33.87773242487385,6.881196242031105,0.0029,0.0004,0.0006845169546044,0.0012092885068971,17919315.877619565,32109010.2523394,56886.71707180814,101933.36588044254,1.381016177906844,02/13/2017 20:10:42,300.0,315.0
0,../../2017_Feb_Zr/30MeV/AZ130217_Ni02_18cm_30MeV.Spe,55CO,91.9,2554.4025687760973,184.2591129447202,0.0116,0.0009,0.0058240403383222,0.0042997857658308,39668211.28722215,29596716.0630274,40395.327176397295,30139.222060109365,2.620871641533827,02/13/2017 20:18:10,936.0,982.0
1,../../2017_Feb_Zr/30MeV/AZ130217_Ni02_18cm_30MeV.Spe,57CO,122.06065,3145.842952833228,133.00783016991718,0.856,0.0017,0.0058459694522428,0.0022573473499182,659541.8690500902,256468.9802243132,671.6312312119045,261.1700409616224,1.1090604399132828,02/13/2017 20:18:10,936.0,982.0
2,../../2017_Feb_Zr/30MeV/AZ130217_Ni02_18cm_30MeV.Spe,57NI,127.164,6596.673380215478,142.98613452750965,0.167,0.005,0.0058345507120669,0.0023546285044325,7102916.84641655,2879824.632931656,7233.112878224592,2932.6116424965944,1.1090604399132828,02/13/2017 20:18:10,936.0,982.0
3,../../2017_Feb_Zr/30MeV/AZ130217_Ni02_18cm_30MeV.Spe,61CU,282.956,25264.643338632777,258.0729833770595,0.122,0.0061,0.0035381767892975,0.0002638743444098,61405808.076177984,5562558.88743672,62531.37278633196,5664.52025197222,1.8875014565100767,02/13/2017 20:18:10,936.0,982.0
4,../../2017_Feb_Zr/30MeV/AZ130217_Ni02_18cm_30MeV.Spe,61CU,373.05,3482.9905220491387,93.53462603029604,0.021,0.004,0.0027853497495093,0.0001620321175637,62472502.16139055,12599258.64686277,63617.61930895168,12830.202288047629,0.9994671674652552,02/13/2017 20:18:10,936.0,982.0
5,../../2017_Feb_Zr/30MeV/AZ130217_Ni02_18cm_30MeV.Spe,55CO,385.4,437.357718679431,60.7270945651363,0.0054,0.0005,0.0027105995827806,0.0001544191381137,31348250.436869048,5727778.954639781,31922.86195200514,5832.768792912201,0.7747005532532414,02/13/2017 20:18:10,936.0,982.0
6,../../2017_Feb_Zr/30MeV/AZ130217_Ni02_18cm_30MeV.Spe,55CO,411.5,974.2616560256732,73.89432525563903,0.0107,0.0008,0.0025679281179112,0.000140457561981,37200142.97512957,4610546.254131602,37882.019322942535,4695.057285266397,1.271857628814535,02/13/2017 20:18:10,936.0,982.0
7,../../2017_Feb_Zr/30MeV/AZ130217_Ni02_18cm_30MeV.Spe,55CO,477.2,16980.94525837,92.07081466283934,0.2019999999999999,0.017,0.0022793038435983,0.000113858862442,38694025.0688304,3804286.629493014,39403.28418414501,3874.0189709704823,0.471422499202197,02/13/2017 20:18:10,936.0,982.0
8,../../2017_Feb_Zr/30MeV/AZ130217_Ni02_18cm_30MeV.Spe,55CO,520.0,550.8005462886398,504.6076402714748,0.0083,0.0008,0.0021305366769541,0.0001007754773075,32678558.73757776,30175005.444899857,33277.554722584275,30728.111451018183,99.64305180173056,02/13/2017 20:18:10,936.0,982.0
9,../../2017_Feb_Zr/30MeV/AZ130217_Ni02_18cm_30MeV.Spe,61CU,529.169,388.8758881934626,431.6588452545613,0.0038,0.0007,0.0021017222000067,9.831322432240082e-05,51084335.309171736,57587951.339755744,52020.70805414637,58643.53496920137,99.64305180173056,02/13/2017 20:18:10,936.0,982.0
10,../../2017_Feb_Zr/30MeV/AZ130217_Ni02_18cm_30MeV.Spe,61CU,588.605,1240.5422769299664,53.94636836647337,0.0117,0.0021,0.001935663815138,8.494117402677027e-05,57468705.56551521,11030164.959078256,58522.1034272049,11232.347208837327,1.0557645776142617,02/13/2017 20:18:10,936.0,982.0
11,../../2017_Feb_Zr/30MeV/AZ130217_Ni02_18cm_30MeV.Spe,61CU,656.008,10087.150304150056,99.52050601198096,0.108,0.02,0.0017810527612956,7.469479226915805e-05,55017846.921097405,10474922.869474277,56026.32069358188,10666.927565656086,0.9237088085092876,02/13/2017 20:18:10,936.0,982.0
12,../../2017_Feb_Zr/30MeV/AZ130217_Ni02_18cm_30MeV.Spe,52MN,744.233,293.7859949842633,47.527174060094126,0.9,0.012,0.0016171047893994,6.800265839967222e-05,211780.54179362132,37599.895275112016,215.6624661849505,38.28909905815888,1.5442305272983996,02/13/2017 20:18:10,936.0,982.0
13,../../2017_Feb_Zr/30MeV/AZ130217_Ni02_18cm_30MeV.Spe,55CO,803.7,944.249416265582,44.69235112813631,0.0187,0.0015,0.0015248213545577,6.677476077256277e-05,34742558.06817491,3750148.349005911,35379.38703480134,3818.888339109889,1.1628728972760278,02/13/2017 20:18:10,936.0,982.0
14,../../2017_Feb_Zr/30MeV/AZ130217_Ni02_18cm_30MeV.Spe,58CO,810.7593,4689.411528266392,77.79592560003087,0.9945,0.049725,0.0015146549374591,6.675485173817049e-05,3266145.241986365,229349.0505497687,3326.0134847111667,233.55300463316567,1.1628728972760278,02/13/2017 20:18:10,936.0,982.0
15,../../2017_Feb_Zr/30MeV/AZ130217_Ni02_18cm_30MeV.Spe,61CU,816.692,244.9292000361724,31.118432736710417,0.0031,0.0006,0.0015062290451503,6.675439930769306e-05,55033038.4236455,13440893.469662808,56041.79065544348,13687.264225725874,1.1628728972760278,02/13/2017 20:18:10,936.0,982.0
16,../../2017_Feb_Zr/30MeV/AZ130217_Ni02_18cm_30MeV.Spe,61CU,841.211,194.5783561757542,29.673201702138908,0.0021,0.0004,0.0014724998589555,6.68879830923524e-05,66016973.80580695,17054902.40728983,67227.06090204374,17367.51772636439,1.0346761377583111,02/13/2017 20:18:10,936.0,982.0
17,../../2017_Feb_Zr/30MeV/AZ130217_Ni02_18cm_30MeV.Spe,56CO,846.77,285.1764632629388,30.941927349819508,0.999399,0.04996995,0.0014650875388666,6.694386567085867e-05,204336.9151464636,28801.280022139726,208.08239831615435,29.329205725193205,1.0346761377583111,02/13/2017 20:18:10,936.0,982.0
18,../../2017_Feb_Zr/30MeV/AZ130217_Ni02_18cm_30MeV.Spe,61CU,908.631,738.4330895411857,28.02334660817908,0.011,0.002,0.0013878343011699,6.789939543588954e-05,50747714.29337376,9924504.186192628,51677.91679569629,10106.419741540354,0.6300892505181162,02/13/2017 20:18:10,936.0,982.0
19,../../2017_Feb_Zr/30MeV/AZ130217_Ni02_18cm_30MeV.Spe,55CO,931.1,35015.68073422983,277.69011641786204,0.75,0.0375,0.0013616828698326,6.820287485253279e-05,35971701.04980006,2568938.04794848,36631.060132179286,2616.026525405784,2.3471860436449083,02/13/2017 20:18:10,936.0,982.0
20,../../2017_Feb_Zr/30MeV/AZ130217_Ni02_18cm_30MeV.Spe,52MN,935.544,330.17159575207336,58.82248715328113,0.945,0.013,0.0013566092419398,6.824976905602037e-05,270202.12977846665,52316.74804470575,275.15491830801085,53.27571083982256,2.3471860436449083,02/13/2017 20:18:10,936.0,982.0
21,../../2017_Feb_Zr/30MeV/AZ130217_Ni02_18cm_30MeV.Spe,55CO,984.6,262.52946054056184,41.438420757241246,0.0052,0.001,0.0013026806523494,6.840225952892262e-05,40660468.51994879,10638982.040056014,41405.7724235731,10833.993930810606,1.502129473750311,02/13/2017 20:18:10,936.0,982.0
22,../../2017_Feb_Zr/30MeV/AZ130217_Ni02_18cm_30MeV.Spe,59FE,1099.245,50.35402426716612,58.40833809810676,0.5650000000000001,0.018,0.0011923270830186,6.598831094326128e-05,78419.8427816248,91768.97492678429,79.85727370837556,93.45109463012656,1.1439207297183691,02/13/2017 20:18:10,936.0,982.0
23,../../2017_Feb_Zr/30MeV/AZ130217_Ni02_18cm_30MeV.Spe,61CU,1099.56,149.5769684995554,62.22012926951631,0.0025,0.0004,0.0011920554998442,6.597677204694014e-05,52657941.97743993,24037827.61500956,53623.15883649688,24478.439526486312,1.1439207297183691,02/13/2017 20:18:10,936.0,982.0
24,../../2017_Feb_Zr/30MeV/AZ130217_Ni02_18cm_30MeV.Spe,65NI,1115.53,576.8125191273725,44.99085708993174,0.1543,0.0013,0.0011784876249633,6.536060967976503e-05,3327969.705565793,348476.3856333153,3388.971186930543,354.8639364901378,1.5109457681877634,02/13/2017 20:18:10,936.0,982.0
25,../../2017_Feb_Zr/30MeV/AZ130217_Ni02_18cm_30MeV.Spe,61CU,1185.234,2380.407434657779,62.70348190625365,0.037,0.0069999999999999,0.0011231750882745,6.22422385955596e-05,60094918.51567305,12015601.23303729,61196.45470027805,12235.846469488077,1.4566462540428482,02/13/2017 20:18:10,936.0,982.0
26,../../2017_Feb_Zr/30MeV/AZ130217_Ni02_18cm_30MeV.Spe,56CO,1238.288,131.2951161257083,18.46746677090124,0.6646,0.0012,0.0010845569540316,6.069496431208125e-05,191104.7625974535,33394.534620301536,194.60770121940277,34.0066543994924,0.7242793311393811,02/13/2017 20:18:10,936.0,982.0
27,../../2017_Feb_Zr/30MeV/AZ130217_Ni02_18cm_30MeV.Spe,59FE,1291.59,9.31053776398748,12.220221640891191,0.432,0.0139999999999999,0.0010484211976821,6.267118603838658e-05,21567.055949172,29213.01023754862,21.962378766977597,29.74848293029391,1.1477877765713973,02/13/2017 20:18:10,936.0,982.0
28,../../2017_Feb_Zr/30MeV/AZ130217_Ni02_18cm_30MeV.Spe,55CO,1316.6,2396.6379689650944,50.86915505872152,0.071,0.003,0.0010323076184068,6.577991716513561e-05,34306040.2863474,2810901.547922153,34934.86790870407,2862.4252015500538,1.1126787947788326,02/13/2017 20:18:10,936.0,982.0
29,../../2017_Feb_Zr/30MeV/AZ130217_Ni02_18cm_30MeV.Spe,60CU,1332.5,227.2300731290664,23.12751327628776,0.88,0.044,0.0010223261944602,6.868598404561165e-05,264989.878808232,39101.932434163326,269.8471270959593,39.81866846656144,1.5221266669628235,02/13/2017 20:18:10,936.0,982.0
30,../../2017_Feb_Zr/30MeV/AZ130217_Ni02_18cm_30MeV.Spe,64CU,1345.77,91.38833901395006,17.569288385236522,0.00475,0.0001099999999999,0.0010141467533517,7.17129997400939e-05,19903617.126791213,4601070.567393449,20268.449212618343,4685.407909769297,1.5221266669628235,02/13/2017 20:18:10,936.0,982.0
31,../../2017_Feb_Zr/30MeV/AZ130217_Ni02_18cm_30MeV.Spe,55CO,1370.0,5297.350343948678,94.0015857305338,0.0289999999999999,0.003,0.0009995542956472,7.871802407977534e-05,191729944.91512915,25296192.21733732,195244.34309076288,25759.86987508892,1.763867887408762,02/13/2017 20:18:10,936.0,982.0
32,../../2017_Feb_Zr/30MeV/AZ130217_Ni02_18cm_30MeV.Spe,57NI,1377.63,5930.23455553119,99.15255755616512,0.8170000000000001,0.024,0.0009950498099014,8.132486761340948e-05,7653157.1737631615,684126.2429166689,7793.439077151896,696.6662351493574,1.763867887408762,02/13/2017 20:18:10,936.0,982.0
33,../../2017_Feb_Zr/30MeV/AZ130217_Ni02_18cm_30MeV.Spe,55CO,1408.5,5488.340701733448,102.9173062465231,0.1689999999999999,0.008,0.0009772701639312,9.380030339231284e-05,34863851.08334855,3817105.416975733,35502.903343532125,3887.072726044535,2.082522861167043,02/13/2017 20:18:10,936.0,982.0
34,../../2017_Feb_Zr/30MeV/AZ130217_Ni02_18cm_30MeV.Spe,52MN,1434.092,196.3377224673904,29.691623324114342,1.0,0.0139999999999999,0.0009630492687371,0.0001064288261409,213890.1977898412,42976.46372997868,217.81079204668148,43.764219684296,2.9986473204744897,02/13/2017 20:18:10,936.0,982.0
35,../../2017_Feb_Zr/30MeV/AZ130217_Ni02_18cm_30MeV.Spe,65NI,1481.84,618.0051874098714,52.48916470734805,0.2359,0.011795,0.0009376933503794,0.0001352475208826,2931156.334979152,525448.3903938176,2984.8842515062647,535.0798272849466,1.9431210307162388,02/13/2017 20:18:10,936.0,982.0
36,../../2017_Feb_Zr/30MeV/AZ130217_Ni02_18cm_30MeV.Spe,57NI,1757.55,383.3050883164751,20.81225332184676,0.0575,0.002,0.0008157337928622,0.0004225736184031,8573613.961777745,4497027.88794169,8730.767781851064,4579.458134360173,1.0784196273367284,02/13/2017 20:18:10,936.0,982.0
37,../../2017_Feb_Zr/30MeV/AZ130217_Ni02_18cm_30MeV.Spe,60CU,1791.6,91.89326206302566,17.208052822452466,0.454,0.023,0.0008030296312384,0.0004716497430653,264442.88345168263,165879.96895898785,269.29010534794566,168.92053865477376,1.320660645915655,02/13/2017 20:18:10,936.0,982.0
38,../../2017_Feb_Zr/30MeV/AZ130217_Ni02_18cm_30MeV.Spe,57NI,1919.52,794.7074728359577,30.57158840354955,0.123,0.004,0.0007589539801825,0.0006806359443507,8931458.436797785,8028681.756672766,9095.171524233996,8175.847002721758,1.2214384514538656,02/13/2017 20:18:10,936.0,982.0
39,../../2017_Feb_Zr/30MeV/AZ130217_Ni02_18cm_30MeV.Spe,55CO,2177.6,88.43596980784261,14.529280202953611,0.0029,0.0004,0.0006845169546044,0.0012092885068971,46739318.35669082,83325960.88793835,47596.047206406125,84853.32065981501,1.072304763160025,02/13/2017 20:18:10,936.0,982.0
40,../../2017_Feb_Zr/30MeV/AZ130217_Ni02_18cm_30MeV.Spe,55CO,2872.4,6.432208632765575,2.509675462546145,0.00118,8e-05,0.0005470422757033,0.0030570729725654,10454249.584014509,58713567.712655306,10645.875340136972,59789.78382144125,1.1382776214685888,02/13/2017 20:18:10,936.0,982.0
0,../../2017_Feb_Zr/30MeV/BB130217_Ni01_18cm_30MeV.Spe,55CO,91.9,3045.5484041925256,245.02747651294928,0.0116,0.0009,0.0058240403383222,0.0042997857658308,47640778.026041456,35583597.90340275,44152.71364786048,32978.31130991914,3.209960302767757,02/13/2017 20:50:11,1021.0,1079.0
1,../../2017_Feb_Zr/30MeV/BB130217_Ni01_18cm_30MeV.Spe,57CO,122.06065,11478.072893424243,300.19911304278315,0.856,0.0017,0.0058459694522428,0.0022573473499182,2424009.8192486945,938430.5518593568,2246.533660100736,869.7224762366607,3.3713994177459505,02/13/2017 20:50:11,1021.0,1079.0
2,../../2017_Feb_Zr/30MeV/BB130217_Ni01_18cm_30MeV.Spe,57NI,127.164,38256.79894269688,416.8388249686912,0.167,0.005,0.0058345507120669,0.0023546285044325,41493535.51110982,16798840.7165366,38455.54727628343,15568.897791044115,3.3713994177459505,02/13/2017 20:50:11,1021.0,1079.0
3,../../2017_Feb_Zr/30MeV/BB130217_Ni01_18cm_30MeV.Spe,57CO,136.47356,1519.0626421775412,160.35519424312162,0.1068,0.0008,0.0057828479534587,0.0024075633312824,2599311.687900394,1118571.1244144733,2409.00063753512,1036.673887316472,1.454146824157504,02/13/2017 20:50:11,1021.0,1079.0
4,../../2017_Feb_Zr/30MeV/BB130217_Ni01_18cm_30MeV.Spe,61CU,282.956,25024.11179234316,353.083963393541,0.122,0.0061,0.0035381767892975,0.0002638743444098,61265363.45564467,5581910.587962256,56779.76223878097,5173.22575344046,3.284081021357726,02/13/2017 20:50:11,1021.0,1079.0
5,../../2017_Feb_Zr/30MeV/BB130217_Ni01_18cm_30MeV.Spe,61CU,373.05,3420.414036365589,91.25510386615788,0.021,0.004,0.0027853497495093,0.0001620321175637,61798132.561944805,12462622.147920052,57273.524153795,11550.159543948148,0.7751655632696428,02/13/2017 20:50:11,1021.0,1079.0
6,../../2017_Feb_Zr/30MeV/BB130217_Ni01_18cm_30MeV.Spe,55CO,385.4,591.7741206576034,77.61700954210824,0.0054,0.0005,0.0027105995827806,0.0001544191381137,42726030.324693136,7487613.997720621,39597.80382269985,6939.401295385192,0.8477941522146843,02/13/2017 20:50:11,1021.0,1079.0
7,../../2017_Feb_Zr/30MeV/BB130217_Ni01_18cm_30MeV.Spe,55CO,411.5,904.8627818016004,87.91957299890518,0.0107,0.0008,0.0025679281179112,0.000140457561981,34802607.82743318,4813293.130230187,32254.502157027968,4460.883345903788,1.5951610068515134,02/13/2017 20:50:11,1021.0,1079.0
8,../../2017_Feb_Zr/30MeV/BB130217_Ni01_18cm_30MeV.Spe,55CO,477.2,17438.627019323125,203.76479772160172,0.2019999999999999,0.017,0.0022793038435983,0.000113858862442,40027125.16894897,3956788.498460576,37096.5015467553,3667.088506450951,2.1828963509724835,02/13/2017 20:50:11,1021.0,1079.0
9,../../2017_Feb_Zr/30MeV/BB130217_Ni01_18cm_30MeV.Spe,55CO,520.0,636.5440996117653,669.7936583226603,0.0083,0.0008,0.0021305366769541,0.0001007754773075,38041452.61398967,40264607.50942184,35256.21187580136,37316.59639427418,120.5764491427292,02/13/2017 20:50:11,1021.0,1079.0
10,../../2017_Feb_Zr/30MeV/BB130217_Ni01_18cm_30MeV.Spe,61CU,529.169,450.5822593632456,591.8422311413176,0.0038,0.0007,0.0021017222000067,9.831322432240082e-05,59622596.16861896,79180007.2705668,55257.27170400274,73382.76855474217,120.5764491427292,02/13/2017 20:50:11,1021.0,1079.0
11,../../2017_Feb_Zr/30MeV/BB130217_Ni01_18cm_30MeV.Spe,61CU,588.605,1368.7768508312183,64.20614531003004,0.0117,0.0021,0.001935663815138,8.494117402677027e-05,63872300.86649058,12298064.457006255,59195.83027478274,11397.650099171691,1.2175738970741283,02/13/2017 20:50:11,1021.0,1079.0
12,../../2017_Feb_Zr/30MeV/BB130217_Ni01_18cm_30MeV.Spe,61CU,656.008,10079.532054880512,113.64556412674614,0.108,0.02,0.0017810527612956,7.469479226915805e-05,55377778.821649,10547792.290101686,51323.24265213068,9775.52575542325,1.1607680293371505,02/13/2017 20:50:11,1021.0,1079.0
13,../../2017_Feb_Zr/30MeV/BB130217_Ni01_18cm_30MeV.Spe,52MN,744.233,1293.1130641635257,52.4190231812643,0.9,0.012,0.0016171047893994,6.800265839967222e-05,938969.5942217732,62019.914501600775,870.2220521054431,57.47906812011193,1.001694376761216,02/13/2017 20:50:11,1021.0,1079.0
14,../../2017_Feb_Zr/30MeV/BB130217_Ni01_18cm_30MeV.Spe,55CO,803.7,1117.7331350344657,49.51489366407147,0.0187,0.0015,0.0015248213545577,6.677476077256277e-05,41426024.36837202,4385899.196766322,38392.97902536795,4064.781461321892,1.0531882014127327,02/13/2017 20:50:11,1021.0,1079.0
15,../../2017_Feb_Zr/30MeV/BB130217_Ni01_18cm_30MeV.Spe,58CO,810.7593,3430.7343056530717,68.14995733093019,0.9945,0.049725,0.0015146549374591,6.675485173817049e-05,2406934.6305248654,172368.80332641816,2230.7086473817103,159.74865924598532,1.0531882014127327,02/13/2017 20:50:11,1021.0,1079.0
16,../../2017_Feb_Zr/30MeV/BB130217_Ni01_18cm_30MeV.Spe,61CU,816.692,310.55411696406225,39.38090619212053,0.0031,0.0006,0.0015062290451503,6.675439930769306e-05,70287853.66534628,17033111.293264177,65141.66234045068,15786.016027121572,1.0531882014127327,02/13/2017 20:50:11,1021.0,1079.0
17,../../2017_Feb_Zr/30MeV/BB130217_Ni01_18cm_30MeV.Spe,56CO,846.77,1213.3849775006563,76.9733289419519,0.999399,0.04996995,0.0014650875388666,6.694386567085867e-05,875773.563634778,85072.7455196865,811.6529783454847,78.84406442973726,2.6156590865076077,02/13/2017 20:50:11,1021.0,1079.0
18,../../2017_Feb_Zr/30MeV/BB130217_Ni01_18cm_30MeV.Spe,61CU,908.631,880.1475395466489,39.163098149390365,0.011,0.002,0.0013878343011699,6.789939543588954e-05,60928555.16160764,11965529.252640797,56467.61368082265,11089.461772605002,0.8331859011271173,02/13/2017 20:50:11,1021.0,1079.0
19,../../2017_Feb_Zr/30MeV/BB130217_Ni01_18cm_30MeV.Spe,55CO,931.1,36247.56698797332,313.9384875543298,0.75,0.0375,0.0013616828698326,6.820287485253279e-05,37509158.95434095,2681662.810696466,34762.89059716492,2485.3223454091435,2.8124859082675657,02/13/2017 20:50:11,1021.0,1079.0
20,../../2017_Feb_Zr/30MeV/BB130217_Ni01_18cm_30MeV.Spe,52MN,935.544,1336.819087793383,102.48076085261656,0.945,0.013,0.0013566092419398,6.824976905602037e-05,1102000.421720628,106530.2868534198,1021.3164242081816,98.7305716899164,2.8124859082675657,02/13/2017 20:50:11,1021.0,1079.0
21,../../2017_Feb_Zr/30MeV/BB130217_Ni01_18cm_30MeV.Spe,55CO,984.6,278.6424568351736,43.67196983000922,0.0052,0.001,0.0013026806523494,6.840225952892262e-05,43471205.7924882,11326975.431494944,40288.4205676443,10497.660270152868,1.4721141640592152,02/13/2017 20:50:11,1021.0,1079.0
22,../../2017_Feb_Zr/30MeV/BB130217_Ni01_18cm_30MeV.Spe,65NI,1115.53,249.27620462089888,43.21098024072178,0.1543,0.0013,0.0011784876249633,6.536060967976503e-05,1448723.729449098,279447.2418231998,1342.6540588036123,258.98724914105634,0.97794252571058,02/13/2017 20:50:11,1021.0,1079.0
23,../../2017_Feb_Zr/30MeV/BB130217_Ni01_18cm_30MeV.Spe,61CU,1185.234,2355.375696577955,68.61706193598707,0.037,0.0069999999999999,0.0011231750882745,6.22422385955596e-05,59897225.47885416,11999906.358660515,55511.79377094918,11121.321926469433,1.4200820307800095,02/13/2017 20:50:11,1021.0,1079.0
24,../../2017_Feb_Zr/30MeV/BB130217_Ni01_18cm_30MeV.Spe,56CO,1238.288,234.89676251072248,26.683083654263093,0.6646,0.0012,0.0010845569540316,6.069496431208125e-05,344397.53426134336,49064.39061371648,319.1821448205221,45.4720951007567,0.7696590091584667,02/13/2017 20:50:11,1021.0,1079.0
25,../../2017_Feb_Zr/30MeV/BB130217_Ni01_18cm_30MeV.Spe,55CO,1316.6,2523.4205051841864,60.160154310972906,0.071,0.003,0.0010323076184068,6.577991716513561e-05,36384620.478554055,3002651.298828204,33720.68626372016,2782.809359432997,1.3761430424215737,02/13/2017 20:50:11,1021.0,1079.0
26,../../2017_Feb_Zr/30MeV/BB130217_Ni01_18cm_30MeV.Spe,55CO,1370.0,1375.0111955327204,84.00137803640467,0.0289999999999999,0.003,0.0009995542956472,7.871802407977534e-05,50129982.04409996,7327046.618427432,46459.6682521779,6790.59000781041,4.206567902289856,02/13/2017 20:50:11,1021.0,1079.0
27,../../2017_Feb_Zr/30MeV/BB130217_Ni01_18cm_30MeV.Spe,57NI,1377.63,33770.68596315678,362.4384397076084,0.8170000000000001,0.024,0.0009950498099014,8.132486761340948e-05,43900423.24179743,3849101.42386498,40686.21245764359,3567.285842321576,4.206567902289856,02/13/2017 20:50:11,1021.0,1079.0
28,../../2017_Feb_Zr/30MeV/BB130217_Ni01_18cm_30MeV.Spe,55CO,1408.5,5748.447709190416,93.17425962045724,0.1689999999999999,0.008,0.0009772701639312,9.380030339231284e-05,36782813.33262712,4010850.425119047,34089.72505340789,3717.192238293834,1.5640342918889552,02/13/2017 20:50:11,1021.0,1079.0
29,../../2017_Feb_Zr/30MeV/BB130217_Ni01_18cm_30MeV.Spe,52MN,1434.092,926.4682758228385,52.67197773022177,1.0,0.0139999999999999,0.0009630492687371,0.0001064288261409,1016664.7118108931,131462.82208216793,942.2286485735804,121.83764789820938,2.4546920834637964,02/13/2017 20:50:11,1021.0,1079.0
30,../../2017_Feb_Zr/30MeV/BB130217_Ni01_18cm_30MeV.Spe,65NI,1481.84,361.3816292843072,22.74746192897184,0.2359,0.011795,0.0009376933503794,0.0001352475208826,1726525.4999199917,299206.7191240023,1600.1163113252935,277.30001772382053,0.8789357590687948,02/13/2017 20:50:11,1021.0,1079.0
31,../../2017_Feb_Zr/30MeV/BB130217_Ni01_18cm_30MeV.Spe,57NI,1757.55,2185.960953211145,53.05491522407571,0.0575,0.002,0.0008157337928622,0.0004225736184031,49251765.62058187,25620872.040372867,45645.75127023344,23745.015792745937,1.331779542906464,02/13/2017 20:50:11,1021.0,1079.0
32,../../2017_Feb_Zr/30MeV/BB130217_Ni01_18cm_30MeV.Spe,56CO,1771.357,50.15467533447878,11.789017066197228,0.1541,0.0006,0.00081052929915,0.0004421330618937,424361.2977855214,259089.64545220585,393.291286177499,240.12015333846696,1.331779542906464,02/13/2017 20:50:11,1021.0,1079.0
33,../../2017_Feb_Zr/30MeV/BB130217_Ni01_18cm_30MeV.Spe,57NI,1919.52,4418.396028441362,115.91696971397876,0.123,0.004,0.0007589539801825,0.0006806359443507,50019550.90171361,44912895.18747502,46357.32242976238,41624.55531740039,2.7988937085077623,02/13/2017 20:50:11,1021.0,1079.0
34,../../2017_Feb_Zr/30MeV/BB130217_Ni01_18cm_30MeV.Spe,56CO,2015.215,3.200544873924125,2.5991279832616083,0.03016,0.00012,0.0007293047739643,0.0008610701113562,153772.6963620796,236527.15862032695,142.51408374613493,219.20960020419557,1.3802041650336028,02/13/2017 20:50:11,1021.0,1079.0
35,../../2017_Feb_Zr/30MeV/BB130217_Ni01_18cm_30MeV.Spe,56CO,2034.791,21.787269931418265,5.482263210019312,0.0776999999999999,0.0003,0.0007235517553906,0.0009003656684769,409550.9110825213,527301.3048823766,379.56525586887983,488.6944438205529,1.3802041650336028,02/13/2017 20:50:11,1021.0,1079.0
36,../../2017_Feb_Zr/30MeV/BB130217_Ni01_18cm_30MeV.Spe,55CO,2144.2,28.525190416595247,5.019614973501988,0.0009,8.999999999999999e-05,0.0006932103358733,0.0011337021573304,48318864.0659069,80137653.24995874,44781.15298045125,74270.29958290893,1.017626766712331,02/13/2017 20:50:11,1021.0,1079.0
37,../../2017_Feb_Zr/30MeV/BB130217_Ni01_18cm_30MeV.Spe,55CO,2177.6,64.3768638785935,6.841342235911083,0.0029,0.0004,0.0006845169546044,0.0012092885068971,34272304.78525002,60989634.918522485,31763.025750926805,56524.22142587812,1.050084125308067,02/13/2017 20:50:11,1021.0,1079.0
38,../../2017_Feb_Zr/30MeV/BB130217_Ni01_18cm_30MeV.Spe,56CO,2598.5,19.063847723408067,3.8103771875880863,0.1697,0.0004,0.0005930215209887,0.0022926664615792,200195.34099825277,776359.4120291767,185.53785078614712,719.5175273671703,1.0643156068364543,02/13/2017 20:50:11,1021.0,1079.0
39,../../2017_Feb_Zr/30MeV/BB130217_Ni01_18cm_30MeV.Spe,57NI,2804.2,9.721681808726274,4.204718125111962,0.00098,4e-05,0.0005577061916961,0.002866496019432,18797736.750080545,97148288.39801556,17421.442771158985,90035.4850769375,1.2813580635265365,02/13/2017 20:50:11,1021.0,1079.0
40,../../2017_Feb_Zr/30MeV/BB130217_Ni01_18cm_30MeV.Spe,55CO,2872.4,0.0911849773261346,1.883802515079553,0.00118,8e-05,0.0005470422757033,0.0030570729725654,149284.9749578151,3232979.436005784,138.35493508601957,2996.273805380708,1.4536916622137102,02/13/2017 20:50:11,1021.0,1079.0
0,../../2017_Feb_Zr/30MeV/BC130217_Ni03_18cm_30MeV.Spe,55CO,91.9,331.7244253654196,103.65455113198594,0.0116,0.0009,0.0058240403383222,0.0042997857658308,5109117.960805492,4124591.784566651,7105.866426711393,5736.567155169195,1.6491738211897622,02/13/2017 21:11:00,691.0,719.0
1,../../2017_Feb_Zr/30MeV/BC130217_Ni03_18cm_30MeV.Spe,57NI,127.164,1226.1589609443247,111.13182712131191,0.167,0.005,0.0058345507120669,0.0023546285044325,1309404.1990046606,544297.0240566569,1821.1463129411136,757.0195049466715,1.2251166288323758,02/13/2017 21:11:00,691.0,719.0
2,../../2017_Feb_Zr/30MeV/BC130217_Ni03_18cm_30MeV.Spe,61CU,282.956,26062.19392300157,161.55110769000146,0.122,0.0061,0.0035381767892975,0.0002638743444098,62823547.32069447,5667661.866162684,87376.28278260706,7882.700787430715,0.8410436278252417,02/13/2017 21:11:00,691.0,719.0
3,../../2017_Feb_Zr/30MeV/BC130217_Ni03_18cm_30MeV.Spe,65NI,366.27,323.44725559683167,58.481304959881,0.0481,0.0006,0.0028286331744406,0.0001665564198017,2473617.8528933167,491032.40945111576,3440.358627111706,682.9379825467535,0.8969270515810023,02/13/2017 21:11:00,691.0,719.0
4,../../2017_Feb_Zr/30MeV/BC130217_Ni03_18cm_30MeV.Spe,61CU,373.05,3606.748623992655,79.99142038414834,0.021,0.004,0.0027853497495093,0.0001620321175637,64160492.18527634,12901590.020139992,89235.73322013399,17943.796968205832,0.8969270515810023,02/13/2017 21:11:00,691.0,719.0
5,../../2017_Feb_Zr/30MeV/BC130217_Ni03_18cm_30MeV.Spe,55CO,477.2,3535.482710253126,75.57174925190608,0.2019999999999999,0.017,0.0022793038435983,0.000113858862442,7989985.0818251325,811592.2794216402,11112.635718811032,1128.7792481524898,1.2203576575757271,02/13/2017 21:11:00,691.0,719.0
6,../../2017_Feb_Zr/30MeV/BC130217_Ni03_18cm_30MeV.Spe,61CU,529.169,430.54270187574406,49.245182207518354,0.0038,0.0007,0.0021017222000067,9.831322432240082e-05,56092935.2733504,12732840.291896608,78015.20900326899,17709.096372596116,1.8326411201606028,02/13/2017 21:11:00,691.0,719.0
7,../../2017_Feb_Zr/30MeV/BC130217_Ni03_18cm_30MeV.Spe,61CU,588.605,1393.5225364526116,62.57601475984513,0.0117,0.0021,0.001935663815138,8.494117402677027e-05,64024920.27856878,12294677.290919436,89047.17702165338,17099.690251626474,2.001249913837884,02/13/2017 21:11:00,691.0,719.0
8,../../2017_Feb_Zr/30MeV/BC130217_Ni03_18cm_30MeV.Spe,61CU,656.008,10710.84731726578,115.47260154599029,0.108,0.02,0.0017810527612956,7.469479226915805e-05,57939418.342560425,11033160.344050111,80583.33566420087,15345.146514673315,1.307285781412631,02/13/2017 21:11:00,691.0,719.0
9,../../2017_Feb_Zr/30MeV/BC130217_Ni03_18cm_30MeV.Spe,55CO,803.7,131.8135994751376,19.21759816160448,0.0187,0.0015,0.0015248213545577,6.677476077256277e-05,4810059.965391423,927659.485376912,6689.930410836471,1290.207907339238,1.0113377245099249,02/13/2017 21:11:00,691.0,719.0
10,../../2017_Feb_Zr/30MeV/BC130217_Ni03_18cm_30MeV.Spe,58CO,810.7593,3063.1086855756976,56.62413533549562,0.9945,0.049725,0.0015146549374591,6.675485173817049e-05,2115898.143025822,151262.15544465237,2942.8346912737443,210.37851939450957,1.0113377245099249,02/13/2017 21:11:00,691.0,719.0
11,../../2017_Feb_Zr/30MeV/BC130217_Ni03_18cm_30MeV.Spe,61CU,816.692,266.798518510107,23.855269328386683,0.0031,0.0006,0.0015062290451503,6.675439930769306e-05,59454063.80286437,13448711.938373333,82689.93574807284,18704.745394121463,1.0113377245099249,02/13/2017 21:11:00,691.0,719.0
12,../../2017_Feb_Zr/30MeV/BC130217_Ni03_18cm_30MeV.Spe,61CU,841.211,168.6625405858004,25.306534254149312,0.0021,0.0004,0.0014724998589555,6.68879830923524e-05,56753797.24085955,14666911.147383666,78934.34943095905,20399.04192960176,1.5527022560353567,02/13/2017 21:11:00,691.0,719.0
13,../../2017_Feb_Zr/30MeV/BC130217_Ni03_18cm_30MeV.Spe,56CO,846.77,527.3485032032524,34.5943038981492,0.999399,0.04996995,0.0014650875388666,6.694386567085867e-05,374753.826160533,38923.0625250256,521.2153354110334,54.134996557754654,1.5527022560353567,02/13/2017 21:11:00,691.0,719.0
14,../../2017_Feb_Zr/30MeV/BC130217_Ni03_18cm_30MeV.Spe,61CU,908.631,842.6373781142119,43.00280079358508,0.011,0.002,0.0013878343011699,6.789939543588954e-05,57432968.05283058,11377332.543585876,79878.95417639859,15823.828294277992,1.82367538280686,02/13/2017 21:11:00,691.0,719.0
15,../../2017_Feb_Zr/30MeV/BC130217_Ni03_18cm_30MeV.Spe,55CO,931.1,7263.286658187921,93.38547819701768,0.75,0.0375,0.0013616828698326,6.820287485253279e-05,7400256.793682895,539341.8230267742,10292.429476610425,750.1277093557361,1.2819058713334943,02/13/2017 21:11:00,691.0,719.0
16,../../2017_Feb_Zr/30MeV/BC130217_Ni03_18cm_30MeV.Spe,59FE,1099.245,49.49308287871217,191.0460361380333,0.5650000000000001,0.018,0.0011923270830186,6.598831094326128e-05,76445.42383169424,295323.9152247195,106.32186902878198,410.7425802847281,0.7181249012833134,02/13/2017 21:11:00,691.0,719.0
17,../../2017_Feb_Zr/30MeV/BC130217_Ni03_18cm_30MeV.Spe,61CU,1099.56,143.1664669282624,188.2280864794478,0.0025,0.0004,0.0011920554998442,6.597677204694014e-05,49986838.0541237,66394400.40240826,69522.7233019801,92342.69875161092,0.7181249012833134,02/13/2017 21:11:00,691.0,719.0
18,../../2017_Feb_Zr/30MeV/BC130217_Ni03_18cm_30MeV.Spe,65NI,1115.53,482.4178943341784,24.09791326775529,0.1543,0.0013,0.0011784876249633,6.536060967976503e-05,2760471.700290847,242467.543612046,3839.320862713279,337.22885064262306,0.9311030986718868,02/13/2017 21:11:00,691.0,719.0
19,../../2017_Feb_Zr/30MeV/BC130217_Ni03_18cm_30MeV.Spe,61CU,1185.234,2453.869206883251,60.915809435194575,0.037,0.0069999999999999,0.0011231750882745,6.22422385955596e-05,61440263.18438754,12270727.902200907,85452.38273211062,17066.380948819064,1.6023685166507882,02/13/2017 21:11:00,691.0,719.0
20,../../2017_Feb_Zr/30MeV/BC130217_Ni03_18cm_30MeV.Spe,56CO,1238.288,226.21471841944197,20.164772001603847,0.6646,0.0012,0.0010845569540316,6.069496431208125e-05,326557.00264490466,40658.14316625946,454.1822011751108,56.5481824287336,1.4555197732050085,02/13/2017 21:11:00,691.0,719.0
21,../../2017_Feb_Zr/30MeV/BC130217_Ni03_18cm_30MeV.Spe,59FE,1291.59,4.049457338956401e-16,5.544436231637492,0.432,0.0139999999999999,0.0010484211976821,6.267118603838658e-05,9.303109462749909e-13,12737.631947853328,1.2938956137343405e-15,17.715760706332862,1.2327601964364558,02/13/2017 21:11:00,691.0,719.0
22,../../2017_Feb_Zr/30MeV/BC130217_Ni03_18cm_30MeV.Spe,55CO,1316.6,519.2491222705974,38.97727928757367,0.071,0.003,0.0010323076184068,6.577991716513561e-05,7371555.385869233,853520.5274881945,10252.510967829254,1187.0939186205765,2.1806062201389413,02/13/2017 21:11:00,691.0,719.0
23,../../2017_Feb_Zr/30MeV/BC130217_Ni03_18cm_30MeV.Spe,60CU,1332.5,49.98713550699352,9.761777772006802,0.88,0.044,0.0010223261944602,6.868598404561165e-05,57814.52111034739,14757.50577284502,80.40962602273629,20.525042799506284,0.7128328532698872,02/13/2017 21:11:00,691.0,719.0
24,../../2017_Feb_Zr/30MeV/BC130217_Ni03_18cm_30MeV.Spe,64CU,1345.77,68.60650483636311,9.882166510759852,0.00475,0.0001099999999999,0.0010141467533517,7.17129997400939e-05,14819096.409088012,2995522.7973877843,20610.704324183604,4166.23476688148,0.7128328532698872,02/13/2017 21:11:00,691.0,719.0
25,../../2017_Feb_Zr/30MeV/BC130217_Ni03_18cm_30MeV.Spe,55CO,1370.0,754.7853570358395,30.240253215609076,0.0289999999999999,0.003,0.0009995542956472,7.871802407977534e-05,27093800.04781812,3815674.896421524,37682.61480920462,5306.919188347043,0.8694716046935584,02/13/2017 21:11:00,691.0,719.0
26,../../2017_Feb_Zr/30MeV/BC130217_Ni03_18cm_30MeV.Spe,57NI,1377.63,1010.1713323206468,34.53768414778119,0.8170000000000001,0.024,0.0009950498099014,8.132486761340948e-05,1292941.8855946327,127349.98297171852,1798.2501885878062,177.12097770753618,0.8694716046935584,02/13/2017 21:11:00,691.0,719.0
27,../../2017_Feb_Zr/30MeV/BC130217_Ni03_18cm_30MeV.Spe,55CO,1408.5,1196.7447014021473,38.07224830980872,0.1689999999999999,0.008,0.0009772701639312,9.380030339231284e-05,7539646.977668941,869548.2497735582,10486.296213725926,1209.3856046920143,1.3454032729989092,02/13/2017 21:11:00,691.0,719.0
28,../../2017_Feb_Zr/30MeV/BC130217_Ni03_18cm_30MeV.Spe,52MN,1434.092,6.919715768604863,4.037071582088307,1.0,0.0139999999999999,0.0009630492687371,0.0001064288261409,7476.366677014515,5272.283691305188,10.398284669004887,7.332800683317369,1.8077703248090211,02/13/2017 21:11:00,691.0,719.0
29,../../2017_Feb_Zr/30MeV/BC130217_Ni03_18cm_30MeV.Spe,65NI,1481.84,573.5674148566784,27.90311202677304,0.2359,0.011795,0.0009376933503794,0.0001352475208826,2698028.521500504,446714.52212529245,3752.473604312244,621.2997526081954,1.6197381982121817,02/13/2017 21:11:00,691.0,719.0
30,../../2017_Feb_Zr/30MeV/BC130217_Ni03_18cm_30MeV.Spe,61CU,1662.0,22.351547768476152,4.799293885174281,0.00052,0.0001,0.0008538763009432,0.0003004125084484,52379354.4039161,26273597.257243782,72850.28428917399,36541.85988490096,1.1980290876526016,02/13/2017 21:11:00,691.0,719.0
31,../../2017_Feb_Zr/30MeV/BC130217_Ni03_18cm_30MeV.Spe,61CU,1729.473,42.19227757761781,7.1739109569790935,0.00054,0.0001,0.0008265479365083,0.0003842450152109,98360789.68959913,54144660.7941689,136802.21097301686,75305.50875405966,1.5107854302478714,02/13/2017 21:11:00,691.0,719.0
32,../../2017_Feb_Zr/30MeV/BC130217_Ni03_18cm_30MeV.Spe,57NI,1757.55,52.70387780002342,7.05071541143388,0.0575,0.002,0.0008157337928622,0.0004225736184031,1169168.524109856,647211.261083173,1626.1036496660029,900.1547442046913,1.1912237838450093,02/13/2017 21:11:00,691.0,719.0
33,../../2017_Feb_Zr/30MeV/BC130217_Ni03_18cm_30MeV.Spe,56CO,1771.357,39.24551497089533,6.103379860861842,0.1541,0.0006,0.00081052929915,0.0004421330618937,326941.0989165898,192656.1231090797,454.7164101760637,267.950101681613,1.1912237838450093,02/13/2017 21:11:00,691.0,719.0
34,../../2017_Feb_Zr/30MeV/BC130217_Ni03_18cm_30MeV.Spe,60CU,1791.6,1.3002870974727296,1.7384630233071066,0.454,0.023,0.0008030296312384,0.0004716497430653,3711.1001321324447,6324.2628075562,5.161474453591717,8.795914892289568,1.279927560579588,02/13/2017 21:11:00,691.0,719.0
35,../../2017_Feb_Zr/30MeV/BC130217_Ni03_18cm_30MeV.Spe,57NI,1919.52,113.3011171242108,9.079477922374224,0.123,0.004,0.0007589539801825,0.0006806359443507,1262886.9648805468,1143990.0550531794,1756.4491862038203,1591.0849166247278,0.926321480949566,02/13/2017 21:11:00,691.0,719.0
36,../../2017_Feb_Zr/30MeV/BC130217_Ni03_18cm_30MeV.Spe,56CO,2034.791,6.804275116143146,2.8226716448853075,0.0776999999999999,0.0003,0.0007235517553906,0.0009003656684769,125933.73607765832,172097.88897166777,175.15123237504633,239.35728646963528,1.3525812794830536,02/13/2017 21:11:00,691.0,719.0
37,../../2017_Feb_Zr/30MeV/BC130217_Ni03_18cm_30MeV.Spe,55CO,2177.6,1.5731785235680875,2.048894981120572,0.0029,0.0004,0.0006845169546044,0.0012092885068971,824606.2925089746,1928924.677527124,1146.8794054366822,2682.7881467692964,1.1345487203346605,02/13/2017 21:11:00,691.0,719.0
38,../../2017_Feb_Zr/30MeV/BC130217_Ni03_18cm_30MeV.Spe,56CO,2598.5,17.15772179858619,4.153840158659701,0.1697,0.0004,0.0005930215209887,0.0022926664615792,177401.85963556144,688525.9775347994,246.73415804667795,957.6161022737126,1.4458410993182584,02/13/2017 21:11:00,691.0,719.0
0,../../2017_Feb_Zr/30MeV/BD130217_Ni04_18cm_30MeV.Spe,61CU,282.956,42043.31272055459,420.54494715456224,0.122,0.0061,0.0035381767892975,0.0002638743444098,103403778.96082608,9355552.638918951,166780.28864649366,15089.60103051444,3.69198816908303,02/13/2017 21:25:21,584.0,620.0
1,../../2017_Feb_Zr/30MeV/BD130217_Ni04_18cm_30MeV.Spe,65NI,366.27,361.5416338587589,81.03432907231071,0.0481,0.0006,0.0028286331744406,0.0001665564198017,2821080.323549242,671306.8669693528,4550.129554111681,1082.7530112408915,1.1889215075444604,02/13/2017 21:25:21,584.0,620.0
2,../../2017_Feb_Zr/30MeV/BD130217_Ni04_18cm_30MeV.Spe,61CU,373.05,5748.654055836702,111.9490513711881,0.021,0.004,0.0027853497495093,0.0001620321175637,104338835.59686734,20924675.35115129,168288.44451107635,33749.47637282467,1.1889215075444604,02/13/2017 21:25:21,584.0,620.0
3,../../2017_Feb_Zr/30MeV/BD130217_Ni04_18cm_30MeV.Spe,61CU,529.169,625.9859812071023,44.67263774502123,0.0038,0.0007,0.0021017222000067,9.831322432240082e-05,83211728.14830448,17217368.72502875,134212.4647553298,27769.949556497984,1.1304261871046948,02/13/2017 21:25:21,584.0,620.0
4,../../2017_Feb_Zr/30MeV/BD130217_Ni04_18cm_30MeV.Spe,61CU,588.605,2041.186991864254,54.39680140988881,0.0117,0.0021,0.001935663815138,8.494117402677027e-05,95685436.21514912,17988201.94499069,154331.3487341115,29013.228943533373,1.1330050782685128,02/13/2017 21:25:21,584.0,620.0
5,../../2017_Feb_Zr/30MeV/BD130217_Ni04_18cm_30MeV.Spe,61CU,656.008,17248.05378725964,115.942420789624,0.108,0.02,0.0017810527612956,7.469479226915805e-05,95195934.09994368,18101140.636490427,153541.82919345752,29195.388123371657,0.8318264207419255,02/13/2017 21:25:21,584.0,620.0
6,../../2017_Feb_Zr/30MeV/BD130217_Ni04_18cm_30MeV.Spe,58CO,810.7593,590.3555661040069,36.16399824461696,0.9945,0.049725,0.0015146549374591,6.675485173817049e-05,416077.2901873509,41375.81556839492,671.0924035279853,66.73518640063698,1.5032333553046662,02/13/2017 21:25:21,584.0,620.0
7,../../2017_Feb_Zr/30MeV/BD130217_Ni04_18cm_30MeV.Spe,61CU,816.692,501.1929699832496,34.798951262169446,0.0031,0.0006,0.0015062290451503,6.675439930769306e-05,113954400.64649744,24504493.638288744,183797.4203975765,39523.37683594959,1.5032333553046662,02/13/2017 21:25:21,584.0,620.0
8,../../2017_Feb_Zr/30MeV/BD130217_Ni04_18cm_30MeV.Spe,61CU,841.211,311.39859482957525,20.387252289461543,0.0021,0.0004,0.0014724998589555,6.68879830923524e-05,106910641.2116322,22890420.468824245,172436.51808327774,36920.03301423266,0.7249035015765468,02/13/2017 21:25:21,584.0,620.0
9,../../2017_Feb_Zr/30MeV/BD130217_Ni04_18cm_30MeV.Spe,56CO,846.77,583.1571665244971,24.431847126348327,0.999399,0.04996995,0.0014650875388666,6.694386567085867e-05,422826.28210955655,37955.31823834816,681.9778743702525,61.218255223142194,0.7249035015765468,02/13/2017 21:25:21,584.0,620.0
10,../../2017_Feb_Zr/30MeV/BD130217_Ni04_18cm_30MeV.Spe,61CU,902.294,149.98411903662162,25.656508430647765,0.00083,0.00016,0.0013953632584674,6.779680452322048e-05,137486084.3275297,37765106.7907271,221751.7489153705,60911.46256568888,1.1821481841636925,02/13/2017 21:25:21,584.0,620.0
11,../../2017_Feb_Zr/30MeV/BD130217_Ni04_18cm_30MeV.Spe,61CU,908.631,1332.9992230204762,41.94080259255833,0.011,0.002,0.0013878343011699,6.789939543588954e-05,92699722.98881996,17877260.61102143,149515.68224003218,28834.29130809908,1.1821481841636925,02/13/2017 21:25:21,584.0,620.0
12,../../2017_Feb_Zr/30MeV/BD130217_Ni04_18cm_30MeV.Spe,59FE,1099.245,162.8400462219282,381.9501058347344,0.5650000000000001,0.018,0.0011923270830186,6.598831094326128e-05,256623.36932849072,602482.70432925,413.9086602072431,971.746297305242,0.9450901722192306,02/13/2017 21:25:21,584.0,620.0
13,../../2017_Feb_Zr/30MeV/BD130217_Ni04_18cm_30MeV.Spe,61CU,1099.56,104.63446250575726,384.090028703128,0.0025,0.0004,0.0011920554998442,6.597677204694014e-05,37274953.09632582,137022046.80546442,60120.8920908481,221003.30129913616,0.9450901722192306,02/13/2017 21:25:21,584.0,620.0
14,../../2017_Feb_Zr/30MeV/BD130217_Ni04_18cm_30MeV.Spe,65NI,1115.53,546.4260224324615,29.34338607704765,0.1543,0.0013,0.0011784876249633,6.536060967976503e-05,3190209.9367839503,282847.29346228315,5145.49989803863,456.20531203594055,1.5293238380781915,02/13/2017 21:25:21,584.0,620.0
15,../../2017_Feb_Zr/30MeV/BD130217_Ni04_18cm_30MeV.Spe,61CU,1132.351,100.91228532792891,15.120522863331267,0.0009,0.00017,0.0011646086364109,6.465547777248073e-05,102211642.7087859,27258571.80046473,164857.48823997728,43965.43838784635,1.5143274328361869,02/13/2017 21:25:21,584.0,620.0
16,../../2017_Feb_Zr/30MeV/BD130217_Ni04_18cm_30MeV.Spe,61CU,1185.234,3878.98133245159,72.77148248852245,0.037,0.0069999999999999,0.0011231750882745,6.22422385955596e-05,99093996.8420034,19687878.294804502,159829.02716452163,31754.642410975004,1.497758381246889,02/13/2017 21:25:21,584.0,620.0
17,../../2017_Feb_Zr/30MeV/BD130217_Ni04_18cm_30MeV.Spe,56CO,1238.288,289.67337551759965,16.35549434491489,0.6646,0.0012,0.0010845569540316,6.069496431208125e-05,426652.9199629787,42183.03410394069,688.1498709080302,68.03715178054951,0.8857159389513731,02/13/2017 21:25:21,584.0,620.0
18,../../2017_Feb_Zr/30MeV/BD130217_Ni04_18cm_30MeV.Spe,59FE,1291.59,14.326527090316262,6.901724855122994,0.432,0.0139999999999999,0.0010484211976821,6.267118603838658e-05,33581.51056447857,18591.59879976573,54.163726716900925,29.986449677041502,1.0145647889382643,02/13/2017 21:25:21,584.0,620.0
19,../../2017_Feb_Zr/30MeV/BD130217_Ni04_18cm_30MeV.Spe,64CU,1345.77,47.712300583407135,9.370569980574944,0.00475,0.0001099999999999,0.0010141467533517,7.17129997400939e-05,10515133.380023437,2682234.0172504843,16959.892548424898,4326.183898791104,1.5485559492611596,02/13/2017 21:25:21,584.0,620.0
20,../../2017_Feb_Zr/30MeV/BD130217_Ni04_18cm_30MeV.Spe,57NI,1377.63,33.08701071019682,7.460349536471116,0.8170000000000001,0.024,0.0009950498099014,8.132486761340948e-05,43208.53053729057,12861.758852352694,69.69117828595253,20.744772342504344,1.5053780532649437,02/13/2017 21:25:21,584.0,620.0
21,../../2017_Feb_Zr/30MeV/BD130217_Ni04_18cm_30MeV.Spe,65NI,1481.84,707.4415802326652,32.424100758076655,0.2359,0.011795,0.0009376933503794,0.0001352475208826,3395319.4973755595,556021.5409769025,5476.32176996058,896.8089370595201,1.6792433374552331,02/13/2017 21:25:21,584.0,620.0
22,../../2017_Feb_Zr/30MeV/BD130217_Ni04_18cm_30MeV.Spe,65NI,1623.42,3.755059608616128,2.067807790122254,0.00498,0.00014,0.0008704173418926,0.0002578092887653,919684.3577213004,746059.923959704,1483.36186729242,1203.3224579995226,1.077646796564108,02/13/2017 21:25:21,584.0,620.0
23,../../2017_Feb_Zr/30MeV/BD130217_Ni04_18cm_30MeV.Spe,61CU,1662.0,25.179907454769594,4.895998826112376,0.00052,0.0001,0.0008538763009432,0.0003004125084484,60205292.1690523,29388718.156151585,97105.30995008435,47401.15831637353,0.9099160848511508,02/13/2017 21:25:21,584.0,620.0
24,../../2017_Feb_Zr/30MeV/BD130217_Ni04_18cm_30MeV.Spe,61CU,1729.473,25.175060015572928,4.953166630400601,0.00054,0.0001,0.0008265479365083,0.0003842450152109,59880794.11097088,34338296.92904347,96581.9259854369,55384.34988555399,1.4529798131263547,02/13/2017 21:25:21,584.0,620.0
25,../../2017_Feb_Zr/30MeV/BD130217_Ni04_18cm_30MeV.Spe,56CO,1771.357,38.91767176844017,4.854315202774618,0.1541,0.0006,0.00081052929915,0.0004421330618937,330791.49599393463,192549.2427878364,533.5346709579591,310.5632948190909,0.9285273469660322,02/13/2017 21:25:21,584.0,620.0
26,../../2017_Feb_Zr/30MeV/BD130217_Ni04_18cm_30MeV.Spe,56CO,2034.791,19.19607706207609,3.4458827849171554,0.0776999999999999,0.0003,0.0007235517553906,0.0009003656684769,362493.90342447255,463196.8389872036,584.6675861685042,747.0916757858123,1.0700023791929922,02/13/2017 21:25:21,584.0,620.0
27,../../2017_Feb_Zr/30MeV/BD130217_Ni04_18cm_30MeV.Spe,56CO,2598.5,21.05210001793224,3.3317486400941663,0.1697,0.0004,0.0005930215209887,0.0022926664615792,222086.40311042767,860684.3804474984,358.20387598456085,1388.2006136249977,1.0604419281961293,02/13/2017 21:25:21,584.0,620.0
0,../../2017_Feb_Zr/30MeV/BE130217_Ni05_18cm_30MeV.Spe,57CO,122.06065,30.151149922084617,8.436189506716275,0.856,0.0017,0.0058459694522428,0.0022573473499182,6025.22922356871,3075.573500788585,5.9774099440165775,3.0511641872902637,1.1497506645539444,02/13/2017 21:37:39,1008.0,1008.0
1,../../2017_Feb_Zr/30MeV/BE130217_Ni05_18cm_30MeV.Spe,57NI,127.164,36.13754061694084,8.136306897827543,0.167,0.005,0.0058345507120669,0.0023546285044325,37088.11002988401,18249.68902335219,36.79375995028175,18.104850221579557,1.1497506645539444,02/13/2017 21:37:39,1008.0,1008.0
2,../../2017_Feb_Zr/30MeV/BE130217_Ni05_18cm_30MeV.Spe,61CU,282.956,43.873187368776186,8.194296468417056,0.122,0.0061,0.0035381767892975,0.0002638743444098,101638.86976925276,26059.80077731305,100.8322120726714,25.85297696162009,1.3521268391364736,02/13/2017 21:37:39,1008.0,1008.0
3,../../2017_Feb_Zr/30MeV/BE130217_Ni05_18cm_30MeV.Spe,55CO,477.2,16.718779847635552,4.444921178197073,0.2019999999999999,0.017,0.0022793038435983,0.000113858862442,36312.06831065554,13590.351459021014,36.023877292317,13.482491526806562,1.3304689776678682,02/13/2017 21:37:39,1008.0,1008.0
4,../../2017_Feb_Zr/30MeV/BE130217_Ni05_18cm_30MeV.Spe,61CU,656.008,6.926491246691817,2.2558233798167318,0.108,0.02,0.0017810527612956,7.469479226915805e-05,36009.139989459974,19273.922019385845,35.7233531641468,19.120954384311357,1.075368792690894,02/13/2017 21:37:39,1008.0,1008.0
5,../../2017_Feb_Zr/30MeV/BE130217_Ni05_18cm_30MeV.Spe,58CO,810.7593,16.761347725550138,3.749887971655314,0.9945,0.049725,0.0015146549374591,6.675485173817049e-05,11127.31656305451,3759.5703303475298,11.039004526839792,3.7297324705828663,1.2896685422337204,02/13/2017 21:37:39,1008.0,1008.0
6,../../2017_Feb_Zr/30MeV/BE130217_Ni05_18cm_30MeV.Spe,55CO,931.1,2.588411058481745,1.860966842649136,0.75,0.0375,0.0013616828698326,6.820287485253279e-05,2534.5216724849693,2415.4552428772463,2.514406421116041,2.3962849631718712,1.0534137250284803,02/13/2017 21:37:39,1008.0,1008.0
7,../../2017_Feb_Zr/30MeV/BE130217_Ni05_18cm_30MeV.Spe,57NI,1377.63,23.54949477075003,3.5784950227894057,0.8170000000000001,0.024,0.0009950498099014,8.132486761340948e-05,28967.74685826454,7831.858957967426,28.73784410542117,7.769701347189907,0.910140070420366,02/13/2017 21:37:39,1008.0,1008.0
0,../../2017_Feb_Zr/30MeV/DA200317_Ni01_18cm_30MeV.Spe,57CO,122.06065,42964.63056875459,293.3532971058506,0.856,0.0017,0.0058302031321622,0.0001109327610234,8613706.026588978,179833.50622683644,2343.8655854663884,48.934287408662975,2.1893744743229164,03/20/2017 13:23:21,3673.0,3675.0
1,../../2017_Feb_Zr/30MeV/DA200317_Ni01_18cm_30MeV.Spe,57CO,136.47356,5091.077189270282,71.77998822786466,0.1068,0.0008,0.0056276366983683,0.0001505564837957,8475177.274188261,289529.286319816,2306.1706868539486,78.78347927069822,0.95131231170085,03/20/2017 13:23:21,3673.0,3675.0
2,../../2017_Feb_Zr/30MeV/DA200317_Ni01_18cm_30MeV.Spe,52MN,744.233,99.70187955620224,15.336501899257849,0.9,0.012,0.0016188208833014,2.1653333893786247e-05,68469.70440479479,12634.153271350771,18.63121208293736,3.4378648357417063,1.271132575055095,03/20/2017 13:23:21,3673.0,3675.0
3,../../2017_Feb_Zr/30MeV/DA200317_Ni01_18cm_30MeV.Spe,58CO,810.7593,14662.66347656941,260.5060397084762,0.9945,0.049725,0.0015126722809962,1.968859398268553e-05,9752133.684490658,538867.2620311251,2653.6418189090227,146.63054749146264,5.097540097826122,03/20/2017 13:23:21,3673.0,3675.0
4,../../2017_Feb_Zr/30MeV/DA200317_Ni01_18cm_30MeV.Spe,54MN,834.848,312.4337296320181,29.045962760651303,0.99976,1e-05,0.0014778852031972,1.921727809466176e-05,211571.84362991524,23188.687086109465,57.57056969521503,6.309846826152235,1.2083777185213784,03/20/2017 13:23:21,3673.0,3675.0
5,../../2017_Feb_Zr/30MeV/DA200317_Ni01_18cm_30MeV.Spe,56CO,846.77,1006.7891021575042,49.52634131775678,0.999399,0.04996995,0.0014613009549438,1.9028310826127665e-05,689757.3585544515,53795.347746562205,187.68907715767384,14.638189863010124,1.2083777185213784,03/20/2017 13:23:21,3673.0,3675.0
6,../../2017_Feb_Zr/30MeV/DA200317_Ni01_18cm_30MeV.Spe,58CO,863.951,96.21471529328888,17.256014166261412,0.00686,0.0001,0.0014380942712784,1.880470228853919e-05,9758126.463804644,2022145.880083733,2655.272507157726,550.2437768935328,1.2083777185213784,03/20/2017 13:23:21,3673.0,3675.0
7,../../2017_Feb_Zr/30MeV/DA200317_Ni01_18cm_30MeV.Spe,55CO,931.1,17.574706504878662,17.35828296843311,0.75,0.0375,0.001354058749805,1.8403173832221803e-05,17315.1287382194,17616.45095938869,4.71159965665834,4.793592097792841,1.312134884999832,03/20/2017 13:23:21,3673.0,3675.0
8,../../2017_Feb_Zr/30MeV/DA200317_Ni01_18cm_30MeV.Spe,52MN,935.544,88.28624393234693,19.450991575302243,0.945,0.013,0.0013487861216594,1.8398827013003004e-05,69303.40270825491,17009.976442051022,18.858068764151,4.628565018245176,1.312134884999832,03/20/2017 13:23:21,3673.0,3675.0
9,../../2017_Feb_Zr/30MeV/DA200317_Ni01_18cm_30MeV.Spe,56CO,1037.843,135.7616746786587,16.870647521069664,0.1405,0.0004,0.0012361370899553,1.8777462016037343e-05,782115.0444419496,118734.49757436648,212.8204202563128,32.308706822956864,1.0617652536397095,03/20/2017 13:23:21,3673.0,3675.0
10,../../2017_Feb_Zr/30MeV/DA200317_Ni01_18cm_30MeV.Spe,59FE,1099.245,17.435690587526683,6.675248837644738,0.5650000000000001,0.018,0.0011777889674461,1.9087011552593797e-05,26215.590154728303,11875.549409810114,7.13349391965396,3.231442016274861,1.475850606459746,03/20/2017 13:23:21,3673.0,3675.0
11,../../2017_Feb_Zr/30MeV/DA200317_Ni01_18cm_30MeV.Spe,65NI,1115.53,6.619349243823934,4.743240297247383,0.1543,0.0013,0.0011634270811338,1.914224060540613e-05,36893.22460766981,30083.0116182536,10.038972682359134,8.185853501565605,1.475850606459746,03/20/2017 13:23:21,3673.0,3675.0
12,../../2017_Feb_Zr/30MeV/DA200317_Ni01_18cm_30MeV.Spe,60CO,1173.228,65.52075192262393,9.03998386687566,0.9985,0.0003,0.0011155574783147,1.9288147520360465e-05,58853.90267545617,10947.057090880566,16.01466739468195,2.978791045137569,1.349379417250468,03/20/2017 13:23:21,3673.0,3675.0
13,../../2017_Feb_Zr/30MeV/DA200317_Ni01_18cm_30MeV.Spe,56CO,1238.288,472.8464344518062,23.5486517246973,0.6646,0.0012,0.0010660689095144,1.986435959452555e-05,667745.4212924513,46958.88624551214,181.6994343652929,12.777928230071332,1.2146372229861682,03/20/2017 13:23:21,3673.0,3675.0
14,../../2017_Feb_Zr/30MeV/DA200317_Ni01_18cm_30MeV.Spe,59FE,1291.59,0.3747633842563073,1.847922100087916,0.432,0.0139999999999999,0.0010286413061151,2.177892293650646e-05,843.8123172244134,4383.250362817495,0.2296087938025614,1.192721187161223,1.612914536144314,03/20/2017 13:23:21,3673.0,3675.0
15,../../2017_Feb_Zr/30MeV/DA200317_Ni01_18cm_30MeV.Spe,60CO,1332.492,13.756283071564942,322374524.73106563,0.999826,5.999999999999999e-06,0.0010016337560043,2.5105448630789488e-05,13743.71499706262,322079995531.32526,3.739786393758537,87640815.1105647,1.194568807146066,03/20/2017 13:23:21,3673.0,3675.0
16,../../2017_Feb_Zr/30MeV/DA200317_Ni01_18cm_30MeV.Spe,60CU,1332.5,28.24401306509497,322374521.0918242,0.88,0.044,0.0010016286104807,2.510633750160448e-05,32060.73138210499,365938186664.1607,8.724008539348297,99575016.77936344,1.194568807146066,03/20/2017 13:23:21,3673.0,3675.0
17,../../2017_Feb_Zr/30MeV/DA200317_Ni01_18cm_30MeV.Spe,56CO,1360.212,29.38920044458512,5.443148961634766,0.04283,0.00012,0.000984112112321,2.864267833294749e-05,697640.2587973007,183498.60767441112,189.8340840264764,49.93159392500983,1.194568807146066,03/20/2017 13:23:21,3673.0,3675.0
18,../../2017_Feb_Zr/30MeV/DA200317_Ni01_18cm_30MeV.Spe,55CO,1408.5,3.1196477797363165,2.87718853428849,0.1689999999999999,0.008,0.0009550293556951,3.771650094403126e-05,19339.202129785444,20962.747321469287,5.26236792647223,5.704148931012051,1.2954537566944893,03/20/2017 13:23:21,3673.0,3675.0
19,../../2017_Feb_Zr/30MeV/DA200317_Ni01_18cm_30MeV.Spe,52MN,1434.092,18.627084075176786,4.440819027711858,1.0,0.0139999999999999,0.0009403365435079,4.413160901742466e-05,19819.74104090845,6660.186264885369,5.39312681385264,1.8122955822817333,1.2954537566944893,03/20/2017 13:23:21,3673.0,3675.0
20,../../2017_Feb_Zr/30MeV/DA200317_Ni01_18cm_30MeV.Spe,65NI,1481.84,0.2214374657898278,1.8854780827134003,0.2359,0.011795,0.0009141606545272,5.926984542309939e-05,1027.394062316308,9016.6992611489,0.2795630101540974,2.453523608475891,1.272507621288569,03/20/2017 13:23:21,3673.0,3675.0
21,../../2017_Feb_Zr/30MeV/DA200317_Ni01_18cm_30MeV.Spe,58CO,1674.725,11.232603434261213,3.6992501453928743,0.00517,0.0001,0.0008224165468622,0.000169377290369,2643226.9809581344,1295654.8235767088,719.2454369954107,352.55913566713167,1.395977570020297,03/20/2017 13:23:21,3673.0,3675.0
22,../../2017_Feb_Zr/30MeV/DA200317_Ni01_18cm_30MeV.Spe,56CO,1771.357,53.72814376476576,6.700372252499482,0.1541,0.0006,0.0007834053750083,0.0002604831831853,445296.2788575537,169409.7340441583,121.1690554714432,46.09788681473695,1.308209658648427,03/20/2017 13:23:21,3673.0,3675.0
23,../../2017_Feb_Zr/30MeV/DA200317_Ni01_18cm_30MeV.Spe,60CU,1791.6,1.2917783087429228e-10,1.5488216446152447,0.454,0.023,0.0007757282109482,0.000283069683677,3.669940001314804e-07,4400.199686090178,9.986231296094703e-11,1.1973332479156948,1.308209658648427,03/20/2017 13:23:21,3673.0,3675.0
24,../../2017_Feb_Zr/30MeV/DA200317_Ni01_18cm_30MeV.Spe,56CO,2034.791,29.90043453301961,4.633476901206531,0.0776999999999999,0.0003,0.0006946931069614,0.000660595699609,554242.6040065325,543529.9456580329,150.814314015383,147.89930494096134,1.0764911562558563,03/20/2017 13:23:21,3673.0,3675.0
25,../../2017_Feb_Zr/30MeV/DA200317_Ni01_18cm_30MeV.Spe,56CO,2598.5,11.12746514274574,3.568683219024388,0.1697,0.0004,0.000563037449599,0.0023591403683458,116523.50322241988,490908.8045348307,31.70707570678092,133.58062708430768,1.4683199228233046,03/20/2017 13:23:21,3673.0,3675.0
0,../../2017_Feb_Zr/30MeV/DB200317_Ni02_18cm_30MeV.Spe,57CO,122.06065,14366.51502576657,147.16128364889892,0.856,0.0017,0.0058302031321622,0.0001109327610234,2879356.8136940743,66941.98892486305,672.9041396807839,15.644306829834786,1.528195268083463,03/20/2017 14:26:41,4278.0,4279.0
1,../../2017_Feb_Zr/30MeV/DB200317_Ni02_18cm_30MeV.Spe,57CO,136.47356,1787.9119461503774,59.77817176101682,0.1068,0.0008,0.0056276366983683,0.0001505564837957,2975434.036595229,147247.0645988365,695.3573350304346,34.41155985016044,1.234196377888538,03/20/2017 14:26:41,4278.0,4279.0
2,../../2017_Feb_Zr/30MeV/DB200317_Ni02_18cm_30MeV.Spe,58CO,810.7593,25827.369033014485,461.1676536074162,0.9945,0.049725,0.0015126722809962,1.968859398268553e-05,17172441.20186191,944789.812232894,4013.190278537488,220.79687128602336,7.246089046833863,03/20/2017 14:26:41,4278.0,4279.0
3,../../2017_Feb_Zr/30MeV/DB200317_Ni02_18cm_30MeV.Spe,56CO,846.77,845.3249561659566,37.56552370985983,0.999399,0.04996995,0.0014613009549438,1.9028310826127665e-05,578957.4119640032,44196.011297249286,135.3020359813048,10.328584084423763,0.9831209073436268,03/20/2017 14:26:41,4278.0,4279.0
4,../../2017_Feb_Zr/30MeV/DB200317_Ni02_18cm_30MeV.Spe,58CO,863.951,135.00852169347377,16.906164514882356,0.00686,0.0001,0.0014380942712784,1.880470228853919e-05,13688353.62283733,2097098.977881742,3198.9608840470505,490.0909039218841,0.9831209073436268,03/20/2017 14:26:41,4278.0,4279.0
5,../../2017_Feb_Zr/30MeV/DB200317_Ni02_18cm_30MeV.Spe,55CO,931.1,5.981296791819878,56.43973412019657,0.75,0.0375,0.001354058749805,1.8403173832221803e-05,5891.122961761345,55641.85287500505,1.3767522696334062,13.00347110890513,1.6330155727302964,03/20/2017 14:26:41,4278.0,4279.0
6,../../2017_Feb_Zr/30MeV/DB200317_Ni02_18cm_30MeV.Spe,52MN,935.544,23.162447417305867,57.11775725246485,0.945,0.013,0.0013487861216594,1.8398827013003004e-05,18176.53326174556,44982.88482284141,4.247846053224015,10.512476004403227,1.6330155727302964,03/20/2017 14:26:41,4278.0,4279.0
7,../../2017_Feb_Zr/30MeV/DB200317_Ni02_18cm_30MeV.Spe,56CO,1037.843,109.61160321707484,14.17184401416074,0.1405,0.0004,0.0012361370899553,1.8777462016037343e-05,631269.8890970162,101942.28391763668,147.52743376887503,23.823856956680693,1.132698981999593,03/20/2017 14:26:41,4278.0,4279.0
8,../../2017_Feb_Zr/30MeV/DB200317_Ni02_18cm_30MeV.Spe,59FE,1099.245,7.529987907989926,4.752208435790076,0.5650000000000001,0.018,0.0011777889674461,1.9087011552593797e-05,11318.264928700948,8258.244453274217,2.6450724301708224,1.929947289851418,1.6213790286314833,03/20/2017 14:26:41,4278.0,4279.0
9,../../2017_Feb_Zr/30MeV/DB200317_Ni02_18cm_30MeV.Spe,62CU,1172.97,50.5185284123581,7.569814968039441,0.00342,0.000171,0.0011157627446795,1.9287346803509904e-05,13242019.869073724,2810500.1393557326,3094.6529257008,656.8123718989793,1.222098242076315,03/20/2017 14:26:41,4278.0,4279.0
10,../../2017_Feb_Zr/30MeV/DB200317_Ni02_18cm_30MeV.Spe,56CO,1238.288,453.2840460053631,19.3246413884124,0.6646,0.0012,0.0010660689095144,1.986435959452555e-05,639920.944953762,42322.50241687526,149.54918087257818,9.890746066107797,0.8338006080170274,03/20/2017 14:26:41,4278.0,4279.0
11,../../2017_Feb_Zr/30MeV/DB200317_Ni02_18cm_30MeV.Spe,59FE,1291.59,1.485684863967274,2.2520158434620745,0.432,0.0139999999999999,0.0010286413061151,2.177892293650646e-05,3344.1095677111807,5765.334566429455,0.7815166084859034,1.3473555892567082,1.4932897346082046,03/20/2017 14:26:41,4278.0,4279.0
12,../../2017_Feb_Zr/30MeV/DB200317_Ni02_18cm_30MeV.Spe,60CU,1332.5,18.71999557323984,5.681818100906726,0.88,0.044,0.0010016286104807,2.510633750160448e-05,21243.098095958947,8190.834415264346,4.964500606674211,1.9141936002019968,1.557092888031823,03/20/2017 14:26:41,4278.0,4279.0
13,../../2017_Feb_Zr/30MeV/DB200317_Ni02_18cm_30MeV.Spe,56CO,1360.212,6.369119131515182,3.5417833123708675,0.04283,0.00012,0.000984112112321,2.864267833294749e-05,151143.06572259593,103297.75602177969,35.322053218648264,24.14063005884077,1.557092888031823,03/20/2017 14:26:41,4278.0,4279.0
14,../../2017_Feb_Zr/30MeV/DB200317_Ni02_18cm_30MeV.Spe,52MN,1434.092,1.6721839367732516,2.510304828864401,1.0,0.0139999999999999,0.0009403365435079,4.413160901742466e-05,1778.6980928862877,3004.9262659047586,0.4156807882417124,0.7022496531677398,1.3727363829589962,03/20/2017 14:26:41,4278.0,4279.0
15,../../2017_Feb_Zr/30MeV/DB200317_Ni02_18cm_30MeV.Spe,58CO,1674.725,65.356814919212,7.054711122080405,0.00517,0.0001,0.0008224165468622,0.000169377290369,15374818.681410652,4060286.050870928,3593.0868617458877,948.8866676492,1.1349010535351003,03/20/2017 14:26:41,4278.0,4279.0
16,../../2017_Feb_Zr/30MeV/DB200317_Ni02_18cm_30MeV.Spe,56CO,1771.357,56.230541509534206,6.504945817362631,0.1541,0.0006,0.0007834053750083,0.0002604831831853,465891.28484934696,175399.72971101475,108.87854284864385,40.99082255457227,1.2242459624355142,03/20/2017 14:26:41,4278.0,4279.0
17,../../2017_Feb_Zr/30MeV/DB200317_Ni02_18cm_30MeV.Spe,60CU,1791.6,2.460898393455885e-15,1.1241250535540883,0.454,0.023,0.0007757282109482,0.000283069683677,6.9892367274409594e-12,3192.645471031969,1.6333808664269596e-15,0.7461195305052511,1.2242459624355142,03/20/2017 14:26:41,4278.0,4279.0
18,../../2017_Feb_Zr/30MeV/DB200317_Ni02_18cm_30MeV.Spe,56CO,2034.791,6.795510639135608,3.497543352212749,0.0776999999999999,0.0003,0.0006946931069614,0.000660595699609,125924.3142690701,144473.91835343177,29.4284445592592,33.76347706319976,1.274910787401824,03/20/2017 14:26:41,4278.0,4279.0
19,../../2017_Feb_Zr/30MeV/DB200317_Ni02_18cm_30MeV.Spe,56CO,2598.5,8.169666027786397,3.5129794106327297,0.1697,0.0004,0.000563037449599,0.0023591403683458,85523.74004933373,361469.22380179504,19.98685207976951,84.47516330960389,1.5328782230522722,03/20/2017 14:26:41,4278.0,4279.0
0,../../2017_Feb_Zr/30MeV/DC200317_Ni03_18cm_30MeV.Spe,57CO,122.06065,5792.352851837905,109.79747649332008,0.856,0.0017,0.0058302031321622,0.0001109327610234,1161102.2426060017,34793.11074137163,115.5440583745648,3.4623455807912857,1.488708088357101,03/20/2017 15:39:25,10045.0,10049.0
1,../../2017_Feb_Zr/30MeV/DC200317_Ni03_18cm_30MeV.Spe,57CO,136.47356,739.3986994804717,64.4092987560901,0.1068,0.0008,0.0056276366983683,0.0001505564837957,1230705.8975948668,121288.57071378468,122.4704843859953,12.069715465597042,1.186113557675903,03/20/2017 15:39:25,10045.0,10049.0
2,../../2017_Feb_Zr/30MeV/DC200317_Ni03_18cm_30MeV.Spe,58CO,810.7593,49979.43646834557,710.2651147805046,0.9945,0.049725,0.0015126722809962,1.968859398268553e-05,33236449.50858186,1787174.0455496586,3307.438502197419,177.84595935413063,11.022983243632344,03/20/2017 15:39:25,10045.0,10049.0
3,../../2017_Feb_Zr/30MeV/DC200317_Ni03_18cm_30MeV.Spe,56CO,846.77,5358.771712999405,85.38129792633393,0.999399,0.04996995,0.0014613009549438,1.9028310826127665e-05,3670790.361674098,204711.30845505363,365.2891194819482,20.37131141954957,1.4187530319133956,03/20/2017 15:39:25,10045.0,10049.0
4,../../2017_Feb_Zr/30MeV/DC200317_Ni03_18cm_30MeV.Spe,58CO,863.951,368.7583186825768,28.18517266217536,0.00686,0.0001,0.0014380942712784,1.880470228853919e-05,37394115.00506717,3535125.322369877,3721.177729631522,351.7887672773288,1.4187530319133956,03/20/2017 15:39:25,10045.0,10049.0
5,../../2017_Feb_Zr/30MeV/DC200317_Ni03_18cm_30MeV.Spe,55CO,931.1,19.00963156414765,17.98289534371991,0.75,0.0375,0.001354058749805,1.8403173832221803e-05,18726.121354742503,18253.734009264765,1.8634810781911135,1.816472684771098,1.2494611398819808,03/20/2017 15:39:25,10045.0,10049.0
6,../../2017_Feb_Zr/30MeV/DC200317_Ni03_18cm_30MeV.Spe,56CO,1037.843,716.69458223586,33.56863363729214,0.1405,0.0004,0.0012361370899553,1.8777462016037343e-05,4128231.704581344,255415.78368660892,410.81020047580296,25.41703489766235,1.4264616438656543,03/20/2017 15:39:25,10045.0,10049.0
7,../../2017_Feb_Zr/30MeV/DC200317_Ni03_18cm_30MeV.Spe,56CO,1238.288,2639.7164106661758,62.656124368752494,0.6646,0.0012,0.0010660689095144,1.986435959452555e-05,3727216.007616857,134007.915440573,370.904170327083,13.335447849594289,1.5994488465743624,03/20/2017 15:39:25,10045.0,10049.0
8,../../2017_Feb_Zr/30MeV/DC200317_Ni03_18cm_30MeV.Spe,56CO,1360.212,173.39145080467475,19.58062251307258,0.04283,0.00012,0.000984112112321,2.864267833294749e-05,4115360.967134527,572831.3583280361,409.52940264051415,57.00381712887214,0.9204274106830682,03/20/2017 15:39:25,10045.0,10049.0
9,../../2017_Feb_Zr/30MeV/DC200317_Ni03_18cm_30MeV.Spe,65NI,1481.84,20.39796289296491,10.69217152241304,0.2359,0.011795,0.0009141606545272,5.926984542309939e-05,94625.72856260986,54398.77574025875,9.416432337805738,5.413352148498234,1.3566427789067386,03/20/2017 15:39:25,10045.0,10049.0
10,../../2017_Feb_Zr/30MeV/DC200317_Ni03_18cm_30MeV.Spe,58CO,1674.725,123.07959609840243,11.817640402813636,0.00517,0.0001,0.0008224165468622,0.000169377290369,28958534.83088301,7101266.541324412,2881.732991430293,706.6640005298449,0.8563849127789326,03/20/2017 15:39:25,10045.0,10049.0
11,../../2017_Feb_Zr/30MeV/DC200317_Ni03_18cm_30MeV.Spe,56CO,1771.357,460.76072351242846,27.57620345405725,0.1541,0.0006,0.0007834053750083,0.0002604831831853,3818204.375874782,1302250.8265631374,379.958640250252,129.59009120938774,1.1920389239403384,03/20/2017 15:39:25,10045.0,10049.0
12,../../2017_Feb_Zr/30MeV/DC200317_Ni03_18cm_30MeV.Spe,56CO,2015.215,63.25288017054436,10.4599483613624,0.03016,0.00012,0.0007005376898163,0.0006225093431339,2994955.457032371,2733150.712340014,298.03517335380343,271.9823576813627,1.6252170328113906,03/20/2017 15:39:25,10045.0,10049.0
13,../../2017_Feb_Zr/30MeV/DC200317_Ni03_18cm_30MeV.Spe,56CO,2034.791,164.46541435572266,15.828232176272774,0.0776999999999999,0.0003,0.0006946931069614,0.000660595699609,3048129.964252125,2923029.770060626,303.3266956166908,290.877676391743,1.6252170328113906,03/20/2017 15:39:25,10045.0,10049.0
14,../../2017_Feb_Zr/30MeV/DC200317_Ni03_18cm_30MeV.Spe,56CO,2598.5,273.9465453279568,20.56279312207801,0.1697,0.0004,0.000563037449599,0.0023591403683458,2868267.213254439,12021287.500275088,285.42812352019496,1196.267041524041,1.7799372757490184,03/20/2017 15:39:25,10045.0,10049.0
15,../../2017_Feb_Zr/30MeV/DC200317_Ni03_18cm_30MeV.Spe,56CO,3202.029,7.523675332912051,3.0173696322986934,0.03209,0.00012,0.0004721471843083,0.0051042211275109,496770.5369228794,5377161.125421696,49.434823059297386,535.0941512012834,1.570458785106999,03/20/2017 15:39:25,10045.0,10049.0
16,../../2017_Feb_Zr/30MeV/DC200317_Ni03_18cm_30MeV.Spe,56CO,3253.503,1.6550167785700912e-14,1.0548530527747302,0.07923,0.00021,0.0004659123915248,0.005356596670611,4.4851956163615407e-10,28587.156030518,4.463325322282357e-14,2.8447761996734,1.570458785106999,03/20/2017 15:39:25,10045.0,10049.0
0,../../2017_Feb_Zr/30MeV/DE210317_Ni03_18cm_30MeV.Spe,57CO,122.06065,24762.87675290271,300.1796669030952,0.856,0.0017,0.0058302031321622,0.0001109327610234,4963678.022524198,116758.37453926537,114.24147903344604,2.6872511344165657,2.765376953248485,03/20/2017 18:27:32,43433.0,43449.0
1,../../2017_Feb_Zr/30MeV/DE210317_Ni03_18cm_30MeV.Spe,57CO,136.47356,2831.8725920731213,116.80817723713844,0.1068,0.0008,0.0056276366983683,0.0001505564837957,4713422.405858856,250580.8071055721,108.48172353469252,5.767239915891554,0.9420994679148226,03/20/2017 18:27:32,43433.0,43449.0
2,../../2017_Feb_Zr/30MeV/DE210317_Ni03_18cm_30MeV.Spe,58CO,810.7593,216306.1546433284,4489.434542530352,0.9945,0.049725,0.0015126722809962,1.968859398268553e-05,143839842.22802263,8014865.746699228,3310.544367603918,184.4660578310025,104.52176028007072,03/20/2017 18:27:32,43433.0,43449.0
3,../../2017_Feb_Zr/30MeV/DE210317_Ni03_18cm_30MeV.Spe,56CO,846.77,23502.126662425744,363.52691175964696,0.999399,0.04996995,0.0014613009549438,1.9028310826127665e-05,16098616.00165099,874580.5188357157,370.517526333195,20.12889868203447,5.918306817444951,03/20/2017 18:27:32,43433.0,43449.0
4,../../2017_Feb_Zr/30MeV/DE210317_Ni03_18cm_30MeV.Spe,58CO,863.951,1358.427661411952,111.25857016628343,0.00686,0.0001,0.0014380942712784,1.880470228853919e-05,137747904.85117438,12187101.443591887,3170.335447333066,280.4921043888672,5.918306817444951,03/20/2017 18:27:32,43433.0,43449.0
5,../../2017_Feb_Zr/30MeV/DE210317_Ni03_18cm_30MeV.Spe,55CO,931.1,85.99123199386878,38.77660321772434,0.75,0.0375,0.001354058749805,1.8403173832221803e-05,84706.23081031263,39518.6774914355,1.9495553593940629,0.9095417038697208,1.1974245551276608,03/20/2017 18:27:32,43433.0,43449.0
6,../../2017_Feb_Zr/30MeV/DE210317_Ni03_18cm_30MeV.Spe,56CO,977.372,360.2639976025022,38.44151173820168,0.01421,6e-05,0.0013006994665347,1.8463876315641677e-05,19498885.14652815,2338302.873422475,448.7763848771698,53.817185054258445,1.083180955521136,03/20/2017 18:27:32,43433.0,43449.0
7,../../2017_Feb_Zr/30MeV/DE210317_Ni03_18cm_30MeV.Spe,56CO,1037.843,2757.5177963995966,69.2767642505251,0.1405,0.0004,0.0012361370899553,1.8777462016037343e-05,15883101.808118343,557643.5281552727,365.55736169114,12.834438724833085,1.4241149720031796,03/20/2017 18:27:32,43433.0,43449.0
8,../../2017_Feb_Zr/30MeV/DE210317_Ni03_18cm_30MeV.Spe,56CO,1175.101,495.4152191929151,26.484941898712357,0.02252,6e-05,0.001114069537549,1.9294212038350472e-05,19753707.375115547,1422201.7841718954,454.6412431843206,32.73267012294634,0.7593299234731968,03/20/2017 18:27:32,43433.0,43449.0
9,../../2017_Feb_Zr/30MeV/DE210317_Ni03_18cm_30MeV.Spe,56CO,1238.288,11357.828046916517,264.35435481613297,0.6646,0.0012,0.0010660689095144,1.986435959452555e-05,16036501.600552283,502081.7419405698,369.0879329916059,11.555657021808782,6.54413420415951,03/20/2017 18:27:32,43433.0,43449.0
10,../../2017_Feb_Zr/30MeV/DE210317_Ni03_18cm_30MeV.Spe,60CU,1332.5,138.3031274385442,34.58740907319727,0.88,0.044,0.0010016286104807,2.510633750160448e-05,156964.9062482527,42380.762131374526,3.612624139755868,0.9754139826319254,1.9352891002734172,03/20/2017 18:27:32,43433.0,43449.0
11,../../2017_Feb_Zr/30MeV/DE210317_Ni03_18cm_30MeV.Spe,56CO,1360.212,792.058607097898,45.972891001967696,0.04283,0.00012,0.000984112112321,2.864267833294749e-05,18798561.76589596,1392413.445329166,432.6580995165817,32.04707692534157,1.9352891002734172,03/20/2017 18:27:32,43433.0,43449.0
12,../../2017_Feb_Zr/30MeV/DE210317_Ni03_18cm_30MeV.Spe,58CO,1674.725,642.1388670783555,33.84041632206211,0.00517,0.0001,0.0008224165468622,0.000169377290369,151079845.55369946,32796635.839571696,3477.176587578528,754.8306253209901,1.3072892426602805,03/20/2017 18:27:32,43433.0,43449.0
13,../../2017_Feb_Zr/30MeV/DE210317_Ni03_18cm_30MeV.Spe,56CO,1771.357,1970.263763074062,74.12492190385677,0.1541,0.0006,0.0007834053750083,0.0002604831831853,16326577.02973546,5475981.606084308,375.76416096424447,126.03239674294709,2.6483346568630624,03/20/2017 18:27:32,43433.0,43449.0
14,../../2017_Feb_Zr/30MeV/DE210317_Ni03_18cm_30MeV.Spe,56CO,2015.215,334.68147149796,25.382864550701107,0.03016,0.00012,0.0007005376898163,0.0006225093431339,15846333.2227939,14159166.492958017,364.71111470445584,325.8801466767478,1.3418509664565743,03/20/2017 18:27:32,43433.0,43449.0
15,../../2017_Feb_Zr/30MeV/DE210317_Ni03_18cm_30MeV.Spe,56CO,2034.791,874.5445213138813,36.40943681931165,0.0776999999999999,0.0003,0.0006946931069614,0.000660595699609,16207941.946022004,15437036.031172918,373.0337164496767,355.2909395192736,1.3418509664565743,03/20/2017 18:27:32,43433.0,43449.0
16,../../2017_Feb_Zr/30MeV/DE210317_Ni03_18cm_30MeV.Spe,56CO,2598.5,1533.905381726407,60.99417094663032,0.1697,0.0004,0.000563037449599,0.0023591403683458,16059773.062263912,67295122.99854915,369.6235370725198,1548.8301916856349,2.434646859561566,03/20/2017 18:27:32,43433.0,43449.0
17,../../2017_Feb_Zr/30MeV/DE210317_Ni03_18cm_30MeV.Spe,56CO,3202.029,246.70204032749197,16.330846491027646,0.03209,0.00012,0.0004721471843083,0.0051042211275109,16288668.228683565,176097565.9081784,374.8916713545436,4052.971665819199,1.4075456617322764,03/20/2017 18:27:32,43433.0,43449.0
18,../../2017_Feb_Zr/30MeV/DE210317_Ni03_18cm_30MeV.Spe,56CO,3253.503,5.783785152745142e-15,1.0712187641315978,0.07923,0.00021,0.0004659123915248,0.005356596670611,1.5673940449079574e-10,29029.81122832031,3.607434106441937e-15,0.6681353133172296,1.4075456617322764,03/20/2017 18:27:32,43433.0,43449.0
0,../../2017_Feb_Zr/30MeV/DF240317_Ni04_18cm_30MeV.Spe,57CO,122.06065,1983.3705060673203,535.3122610027943,0.856,0.0017,0.0058459694522428,0.0022573473499182,396443.6274620502,186983.7530495457,5.792995213882519,2.732282502367877,0.991385219848684,03/23/2017 15:58:09,68418.0,68435.0
1,../../2017_Feb_Zr/30MeV/DF240317_Ni04_18cm_30MeV.Spe,56NI,158.38,51.0713378981275,1809.229407198808,0.988,0.01,0.0055159518921037,0.0019280344881013,9373.62807307258,332084.54575031967,0.1369712584652967,4.8525541864589705,1.523619167240383,03/23/2017 15:58:09,68418.0,68435.0
2,../../2017_Feb_Zr/30MeV/DF240317_Ni04_18cm_30MeV.Spe,56NI,749.95,30.12396688118988,370.6015553327298,0.495,0.012,0.0016076752060823,6.77880827198205e-05,37863.1328601216,465867.7384243781,0.5532714672334564,6.807448504776475,1.5027371401131129,03/23/2017 15:58:09,68418.0,68435.0
3,../../2017_Feb_Zr/30MeV/DF240317_Ni04_18cm_30MeV.Spe,56CO,846.77,49791.9186156613,6404.79165588764,0.999399,0.04996995,0.0014650875388666,6.694386567085867e-05,34014514.219189994,4947198.270042116,497.0338893722509,72.29046935109398,5.012135376163785,03/23/2017 15:58:09,68418.0,68435.0
4,../../2017_Feb_Zr/30MeV/DF240317_Ni04_18cm_30MeV.Spe,58CO,863.951,483.9080143432634,591.1360459437183,0.00686,0.0001,0.0014426982917985,6.716211919846455e-05,48907006.17248052,59833130.86103635,714.6490271422595,874.3059963620422,0.7820944313157432,03/23/2017 15:58:09,68418.0,68435.0
5,../../2017_Feb_Zr/30MeV/DF240317_Ni04_18cm_30MeV.Spe,55CO,931.1,79.75188425440912,900.4529765690746,0.75,0.0375,0.0013616828698326,6.820287485253279e-05,78110.89466979628,881985.7855081863,1.1413881006765,12.887934324661158,1.3792841567510747,03/23/2017 15:58:09,68418.0,68435.0
6,../../2017_Feb_Zr/30MeV/DF240317_Ni04_18cm_30MeV.Spe,56CO,977.372,703.8037072665214,716.4915328764741,0.01421,6e-05,0.0013103932892477,6.842622528749132e-05,37806259.30774504,38565079.21688294,552.4404077992992,563.5285923413887,1.626348065288053,03/23/2017 15:58:09,68418.0,68435.0
7,../../2017_Feb_Zr/30MeV/DF240317_Ni04_18cm_30MeV.Spe,56CO,1037.843,5720.055482641461,1982.540952066592,0.1405,0.0004,0.0012484441710002,6.771651666963602e-05,32618402.54001222,11451469.438017812,476.6333387888101,167.3335199535006,1.7124449681312996,03/23/2017 15:58:09,68418.0,68435.0
8,../../2017_Feb_Zr/30MeV/DF240317_Ni04_18cm_30MeV.Spe,60CO,1173.228,275.6364295258014,686.1282317275455,0.9985,0.0003,0.0011323122074354,6.278192031694107e-05,243854.207756498,607342.5065809846,3.5632966721195003,8.87473524630649,1.277975723540027,03/23/2017 15:58:09,68418.0,68435.0
9,../../2017_Feb_Zr/30MeV/DF240317_Ni04_18cm_30MeV.Spe,56CO,1175.101,533.541252517738,11245.778669892718,0.02252,6e-05,0.0011308766635472,6.269603410315445e-05,20955222.30819536,441688632.52662784,306.206214775997,6454.133594310336,1.277975723540027,03/23/2017 15:58:09,68418.0,68435.0
10,../../2017_Feb_Zr/30MeV/DF240317_Ni04_18cm_30MeV.Spe,56CO,1238.288,23845.70622076175,4337.444185745515,0.6646,0.0012,0.0010845569540316,6.069496431208125e-05,33090656.678894334,6301427.626974454,483.5341079695234,92.079018440483,7.348771212148303,03/23/2017 15:58:09,68418.0,68435.0
11,../../2017_Feb_Zr/30MeV/DF240317_Ni04_18cm_30MeV.Spe,56CO,1360.212,1433.2603651310867,663.8613062582423,0.04283,0.00012,0.0010053967213311,7.565500095365798e-05,33292579.775458395,15647728.776452722,486.4846902236925,228.6509648053295,1.276083469509126,03/23/2017 15:58:09,68418.0,68435.0
12,../../2017_Feb_Zr/30MeV/DF240317_Ni04_18cm_30MeV.Spe,58CO,1674.725,224.9209743778395,505.2069413632673,0.00517,0.0001,0.0008485709120163,0.00031531642929,51281316.91634499,116805505.86589576,749.3434195418279,1706.8094668794588,1.6688110811034178,03/23/2017 15:58:09,68418.0,68435.0
13,../../2017_Feb_Zr/30MeV/DF240317_Ni04_18cm_30MeV.Spe,56CO,1771.357,4114.535322217567,1184.6231498938942,0.1541,0.0006,0.00081052929915,0.0004421330618937,32950145.352405623,20330727.66251904,481.48089942873713,297.08084551061654,2.9977850985418155,03/23/2017 15:58:09,68418.0,68435.0
14,../../2017_Feb_Zr/30MeV/DF240317_Ni04_18cm_30MeV.Spe,56CO,1810.757,187.60870217910676,164.98186431768482,0.0064,3e-05,0.0007960717038812,0.0005004949361637,36832289.43345045,39907511.17019117,538.2083646299475,583.1447529800712,1.1225772423592515,03/23/2017 15:58:09,68418.0,68435.0
15,../../2017_Feb_Zr/30MeV/DF240317_Ni04_18cm_30MeV.Spe,56CO,1963.741,176.16680033478843,425.8846105605936,0.00707,4e-05,0.0007449282227482,0.0007615585110129,33457857.030664213,87856026.52095307,488.8997885681919,1283.7879231526715,0.9291175665339824,03/23/2017 15:58:09,68418.0,68435.0
16,../../2017_Feb_Zr/30MeV/DF240317_Ni04_18cm_30MeV.Spe,56CO,2015.215,693.866627248196,552.8577610296734,0.03016,0.00012,0.0007293047739643,0.0008610701113562,31553206.74633725,44959721.89558928,461.0682654538942,656.9697069568098,2.0493953829985507,03/23/2017 15:58:09,68418.0,68435.0
17,../../2017_Feb_Zr/30MeV/DF240317_Ni04_18cm_30MeV.Spe,56CO,2034.791,1834.617029031508,648.2768877674768,0.0776999999999999,0.0003,0.0007235517553906,0.0009003656684769,32640942.98951527,42230331.63912842,476.9627089868528,617.08674858082,2.0493953829985507,03/23/2017 15:58:09,68418.0,68435.0
18,../../2017_Feb_Zr/30MeV/DF240317_Ni04_18cm_30MeV.Spe,56CO,2598.5,3215.6990257347225,868.3821704876622,0.1697,0.0004,0.0005930215209887,0.0022926664615792,31961782.68074539,123869070.20547302,467.0385428617723,1810.0251363406596,2.866554911255846,03/23/2017 15:58:09,68418.0,68435.0
19,../../2017_Feb_Zr/30MeV/DF240317_Ni04_18cm_30MeV.Spe,56CO,3009.645,258.23620127287904,209.43277275370448,0.01036,0.00013,0.000526953105663,0.0034369862306998,47314395.68904485,310993309.30210066,691.3771562657244,4544.3604778563695,1.7931876300637135,03/23/2017 15:58:09,68418.0,68435.0
20,../../2017_Feb_Zr/30MeV/DF240317_Ni04_18cm_30MeV.Spe,56CO,3202.029,5.121849746833577e-10,0.5274607698852342,0.03209,0.00012,0.0005015084802401,0.0039540656516287,3.183367166820853e-05,32783.10339389285,4.6516653274214256e-10,0.4790400145231658,-0.0,03/23/2017 15:58:09,68418.0,68435.0
0,../../2017_Feb_Zr/30MeV/DG240317_Ni05_18cm_30MeV.Spe,57CO,122.06065,340.81288159103286,27.467187720199508,0.856,0.0017,0.0058459694522428,0.0022573473499182,68112.69092989534,27120.096013989467,3.320302765423386,1.3220286640338046,1.3271788921088814,03/24/2017 11:00:16,20512.0,20514.0
1,../../2017_Feb_Zr/30MeV/DG240317_Ni05_18cm_30MeV.Spe,58CO,810.7593,537.1352878376985,29.80340279377373,0.9945,0.049725,0.0015146549374591,6.675485173817049e-05,356621.511073899,34544.099937568775,17.384299067656187,1.6839280460938273,1.5704855055219606,03/24/2017 11:00:16,20512.0,20514.0
2,../../2017_Feb_Zr/30MeV/DG240317_Ni05_18cm_30MeV.Spe,55CO,931.1,8.871136856158621,6.059216179211183,0.75,0.0375,0.0013616828698326,6.820287485253279e-05,8687.291314941212,6640.28625380192,0.4234811014400513,0.3236953423906561,1.1766075970817984,03/24/2017 11:00:16,20512.0,20514.0
3,../../2017_Feb_Zr/30MeV/DG240317_Ni05_18cm_30MeV.Spe,52MN,1434.092,11.542648479172245,4.988268591056516,1.0,0.0139999999999999,0.0009630492687371,0.0001064288261409,11986.690927613856,6408.18736961516,0.584317584460069,0.3123811723513288,1.8883876426148392,03/24/2017 11:00:16,20512.0,20514.0
